,SMILES,Score,Rank
0,C=C[C@@]1(C)CC(=O)[C@]2(O)[C@@]3(C)[C@@H](O)CCC(C)(C)[C@@H]3[C@H](O)[C@H](OC(C)=O)[C@@]2(C)O1,0.6670505,1
1,CO/C1=C\C(C)=C\[C@@H](C)[C@@H](O)[C@@H](C)C/C(C)=C/C=C/[C@H](OC)[C@@H]([C@@H](C)[C@@H](O)[C@H](C)[C@@]2(O)C[C@@H](O)[C@H](C)[C@@H](C(C)C)O2)OC1=O,0.6657691,2
2,C=C1[C@@H](O)[C@@H]2O[C@]3(CC[C@H](/C=C/[C@@H](C)[C@@H]4CC(C)=C[C@@]5(O[C@H](C[C@@](C)(O)C(=O)O)CC[C@H]5O)O4)O3)CC[C@H]2O[C@@H]1[C@@H](O)C[C@H](C)[C@H]1O[C@@]2(CCCCO2)CC[C@H]1C,0.6612257,3
3,CC[C@@]1([C@@H]2O[C@@H]([C@H]3O[C@@](O)(CO)[C@H](C)C[C@@H]3C)C[C@@H]2C)CC[C@H]([C@]2(C)CC[C@]3(C[C@H](O)[C@@H](C)[C@@H]([C@@H](C)[C@@H](OC)[C@H](C)C(=O)O)O3)O2)O1,0.6494009,4
4,CO[C@@H]1C[C@@H](C[C@H]2CC[C@H](C)[C@H]([C@@H](C)C(=O)O)O2)O[C@]2(O[C@](C)([C@H]3CC[C@@](C)([C@@H]4O[C@@H]([C@H]5O[C@@](O)(CO)[C@H](C)C[C@@H]5C)C[C@@H]4C)O3)C[C@H]2C)[C@@H]1C,0.6423495,5
5,CC(C)=CCC[C@]1(C)[C@@H](CC=C(C)C)C[C@]2(CC=C(C)C)C(=O)C(CC=C(C)C)=C(O)[C@@]1(C(=O)C(C)C)C2=O,0.6399731,6
6,CC1/C=C/C=C/C=C/C=C/C=C/C=C/C=C/C(OC2O[C@H](C)[C@@H](O)[C@H](N)[C@@H]2O)CC(O)C(C(=O)O)C(O)CC(=O)CC(O)CC(O)CC(O)CC(=O)CCCC(=O)CC(=O)OC1C(C)CC(C)C(O)CC(=O)c1ccc(N)cc1,0.6013993,7
7,CO[C@@H]1[C@H](OC(=O)/C=C/C=C/C=C/C=C/C(=O)O)CC[C@]2(CO2)[C@H]1[C@@]1(C)O[C@@H]1CC=C(C)C,0.60133564,8
8,C[C@@H]1[C@H](O)[C@@H](C)/C=C/C=C/CC/C=C/C=C/C=C/C=C/[C@H](O[C@@H]2O[C@H](C)[C@@H](O)[C@H](N)[C@@H]2O)C[C@@H]2O[C@](O)(C[C@@H](O)[C@H](O)CC[C@@H](O)C[C@@H](O)C[C@@H](O)CC(=O)O[C@H]1C)C[C@H](O)[C@H]2C(=O)O,0.60111845,9
9,C=CC[C@@H]1/C=C(\C)C[C@H](C)C[C@H](OC)[C@H]2O[C@@](O)(C(=O)C(=O)N3CCCC[C@H]3C(=O)O[C@H](/C(C)=C/[C@@H]3CC[C@@H](O)[C@H](OC)C3)[C@H](C)[C@@H](O)CC1=O)[C@H](C)C[C@@H]2OC,0.592262,10
10,C[C@@H]1C/C=C/C=C/C=C/C=C/[C@H](O[C@@H]2O[C@H](C)[C@@H](O)[C@H](N)[C@@H]2O)C[C@@H]2O[C@](O)(C[C@@H](O)C[C@H]3O[C@@H]3/C=C/C(=O)O1)C[C@H](O)[C@H]2C(=O)O,0.5919175,11
11,C=C(C)[C@]12C[C@@H](C)[C@@]34O[C@](Cc5ccccc5)(O[C@@H]1[C@@H]3C=C(COC(=O)Cc1ccc(O)c(OC)c1)C[C@]1(O)C(=O)C(C)=C[C@@H]41)O2,0.58845013,12
12,CC[C@H]1OC(=O)[C@H](C)[C@@H](O)[C@@H](C)C[C@@H](C)C(=O)/C=C/[C@H]1C,0.5432662,13
13,CCN(CC)CCS(=O)(=O)[C@@H]1CCN2C(=O)c3coc(n3)CC(=O)C[C@H](O)/C=C(C)/C=C/CNC(=O)/C=C/[C@@H](C)[C@@H](C(C)C)OC(=O)[C@@H]12,0.5327045,14
14,C/C1=C/C[C@@H](/C(C)=C/c2csc(C)n2)OC(=O)C[C@H](O)C(C)(C)C(=O)[C@H](C)[C@@H](O)[C@@H](C)CCC1,0.5276698,15
15,CO[C@H]1/C=C/O[C@@]2(C)Oc3c(C)c(O)c4c(c3C2=O)C2=NC3(CCN(CC(C)C)CC3)NC2=C(NC(=O)/C(C)=C\C=C\[C@H](C)[C@H](O)[C@@H](C)[C@@H](O)[C@@H](C)[C@H](OC(C)=O)[C@@H]1C)C4=O,0.5185039,16
16,CO[C@@H]1[C@H](OC(=O)NC(=O)CCl)CC[C@]2(CO2)[C@H]1[C@@]1(C)O[C@@H]1CC=C(C)C,0.5184746,17
17,CC(C)(C)NC(=O)[C@@H]1C[C@@H]2CCCC[C@@H]2CN1C[C@@H](O)[C@H](Cc1ccccc1)NC(=O)[C@H](CC(N)=O)NC(=O)c1ccc2ccccc2n1,0.5161311,18
18,NC(=O)c1cc[n+](CC2=C(C(=O)[O-])N3C(=O)[C@@H](NC(=O)[C@@H](c4ccccc4)S(=O)(=O)O)[C@H]3SC2)cc1,0.5157106,19
19,C/C(=C\c1csc(C)n1)[C@@H]1C[C@@H]2O[C@]2(C)CCC[C@H](C)[C@H](O)[C@@H](C)C(=O)C(C)(C)[C@@H](O)CC(=O)O1,0.5119674,20
20,CC(C)=CCCC(C)=CCCC(C)=CCCC(C)=CCCC(C)=CCCC(C)=CCCC(C)=CCCC(C)=CCCC(C)=CCCC(C)=CCCC(C)=CCCC(C)=CCCC(C)=CCOP(=O)(O)OP(=O)(O)O,0.51030576,21
21,CC(C)=CCCC(C)=CCCC(C)=CCCC(C)=CCCC(C)=CCCC(C)=CCCC(C)=CCCC(C)=CCCC(C)=CCCC(C)=CCCC(C)=CCCC(C)=CCCC(C)=CCCC(C)=CCOP(=O)(O)OP(=O)(O)O,0.5046083,22
22,CNC(=O)[C@@H](C)[C@H]1C(=O)/C(=C(O)/C=C/C(C)=C/[C@@H](C)[C@H]2O[C@@]3(C)O[C@H](C=C[C@@]34CO4)[C@@H]2C)C(=O)N1[C@@H]1CC[C@H](O)[C@H](C)O1,0.50455135,23
23,CCCCCCCC/C=C\CCCCCCCCCCCCCC(=O)N[C@@H](CO[C@@H]1O[C@H](CO)[C@H](O)[C@H](OS(=O)(=O)O)[C@H]1O)[C@H](O)/C=C/CCCCCCCCCCCCC,0.50364804,24
24,CC(C)=CCCC(C)=CCCC(C)=CCCC(C)=CCCC(C)=CCCC(C)=CCCC(C)=CCCC(C)=CCCC(C)=CCCC(C)=CCCC(C)=CCCC(C)=CCCC(C)=CCCC(C)=CCCC(C)=CCOP(=O)(O)OP(=O)(O)O,0.4984518,25
25,CO[C@H]1CCCC[C@@H](c2ccccc2)OC(=O)[C@@H](C)[C@@]2(O)O[C@H]([C@@H](C)[C@H](O)[C@H]2OC)[C@@H](C)/C=C/[C@H]1OC,0.4949634,26
26,CC1=C\[C@@H](O)CC(=O)Cc2nc(co2)C(=O)N2CCC=C2C(=O)O[C@H](C(C)C)[C@H](C)/C=C/C(=O)NC\C=C\1,0.49490523,27
27,CCCCCCCC/C=C\CCCCCCCC(=O)OCC(CO)OC(=O)CCCCCCC/C=C\CCCCCCCC,0.49405906,28
28,C[C@@H]1C[C@H]2[C@@H]3CCC4=CC(=O)C=C[C@]4(C)[C@@]3(Cl)[C@@H](O)C[C@]2(C)[C@@]1(OC(=O)c1ccco1)C(=O)CCl,0.49368045,29
29,CC(C)=CCCC(C)=CCCC(C)=CCCC(C)=CCCC(C)=CCCC(C)=CCCC(C)=CCCC(C)=CCCC(C)=CCCC(C)=CCCC(C)=CCCC(C)=CCCC(C)=CCCC(C)=CCCC(C)=CCCC(C)=CCOP(=O)(O)OP(=O)(O)O,0.49198794,30
30,CCCCC/C=C\C[C@@H](O)/C=C/C=C\C=C\[C@@H](O)CCCC(=O)O,0.49024236,31
31,CC(=O)OCC(=O)[C@@]1(O)CC[C@H]2[C@@H]3CCC4=CC(=O)C=C[C@]4(C)[C@H]3C(=O)C[C@@]21C,0.4899947,32
32,CC(C)=CCC/C(C)=C/CC/C(C)=C/CC/C(C)=C\CC/C(C)=C\CC/C(C)=C\CC/C(C)=C\CC/C(C)=C\CC/C(C)=C\CC/C(C)=C\CC/C(C)=C\COP(=O)(O)OP(=O)(O)O,0.48981097,33
33,CC(C)(C)S(=O)(=O)C[C@@H](Cc1ccccc1)C(=O)N[C@@H](Cc1c[nH]cn1)C(=O)N[C@@H](CC1CCCCC1)[C@@H](O)[C@@H](O)C1CC1,0.4869731,34
34,CC(C)=CCCC(C)=CCCC(C)=CCCC(C)=CCCC(C)=CCCC(C)=CCCC(C)=CCCC(C)=CCCC(C)=CCCC(C)=CCCC(C)=CCCC(C)=CCCC(C)=CCCC(C)=CCCC(C)=CCCC(C)=CCCC(C)=CCOP(=O)(O)OP(=O)(O)O,0.48532474,35
35,CC(=O)OCC(=O)[C@@]1(O)CC[C@H]2[C@@H]3CCC4=CC(=O)CC[C@]4(C)[C@H]3[C@@H](O)C[C@@]21C,0.48005578,36
36,CC(C)=CCCC(C)=CCCC(C)=CCCC(C)=CCCC(C)=CCCC(C)=CCCC(C)=CCCC(C)=CCCC(C)=CCCC(C)=CCCC(C)=CCCC(C)=CCCC(C)=CCCC(C)=CCCC(C)=CCCC(C)=CCCC(C)=CCCC(C)=CCOP(=O)(O)OP(=O)(O)O,0.47853976,37
37,C[C@H](C(=O)O)C(=O)SCCNC(=O)CCNC(=O)[C@H](O)C(C)(C)COP(=O)(O)OP(=O)(O)OC[C@H]1O[C@@H](n2cnc3c(N)ncnc32)[C@H](O)[C@@H]1OP(=O)(O)O,0.47848487,38
38,CO[C@H]1/C=C/O[C@@]2(C)Oc3c(C)c(O)c4c(O)c(c(/C=N/N5CCN(C)CC5)c(O)c4c3C2=O)NC(=O)/C(C)=C\C=C\[C@H](C)[C@H](O)[C@@H](C)[C@@H](O)[C@@H](C)[C@H](OC(C)=O)[C@@H]1C,0.47661185,39
39,CC[C@H]1OC(=O)C[C@@H](O)[C@H](C)[C@@H](O[C@@H]2O[C@H](C)[C@@H](O[C@H]3C[C@@](C)(O)[C@@H](O)[C@H](C)O3)[C@H](N(C)C)[C@H]2O)[C@@H](CC=O)C[C@@H](C)C(=O)/C=C/C(C)=C/[C@@H]1CO[C@@H]1O[C@H](C)[C@@H](O)[C@@H](OC)[C@H]1OC,0.47319812,40
40,COC1=C2C[C@@H](C)C[C@H](OC)[C@H](O)[C@@H](C)/C=C(\C)[C@H](OC(N)=O)[C@@H](OC)/C=C\C=C(/C)C(=O)NC(=CC1=O)C2=O,0.47283992,41
41,CC(C)C[C@H](NC(=O)[C@@H](Cc1ccc2ccccc2c1)NC(=O)[C@H](Cc1ccc(O)cc1)NC(=O)[C@H](CO)NC(=O)[C@H](Cc1c[nH]c2ccccc12)NC(=O)[C@H](Cc1c[nH]cn1)NC(=O)[C@@H]1CCC(=O)N1)C(=O)N[C@@H](CCCNC(=N)N)C(=O)N1CCC[C@H]1C(=O)NCC(N)=O,0.47220093,42
42,CC(C)=CCCC(C)=CCCC(C)=CCCC(C)=CCCC(C)=CCCC(C)=CCCC(C)=CCCC(C)=CCCC(C)=CCCC(C)=CCCC(C)=CCCC(C)=CCCC(C)=CCCC(C)=CCCC(C)=CCCC(C)=CCCC(C)=CCCC(C)=CCCC(C)=CCOP(=O)(O)OP(=O)(O)O,0.47169122,43
43,CC(=O)C1[C@@H](O)CC[C@]2(C)C3=C(CC[C@@H]12)[C@@H]1CC[C@H]([C@H](C)CCC=C(C)C)[C@@]1(C)CC3,0.46899042,44
44,CO[C@H]1/C=C/O[C@@]2(C)Oc3c(C)c(O)c4c(O)c(c(/C=N/N5CCN(C6CCCC6)CC5)c(O)c4c3C2=O)NC(=O)/C(C)=C\C=C\[C@H](C)[C@H](O)[C@@H](C)[C@@H](O)[C@@H](C)[C@H](OC(C)=O)[C@@H]1C,0.46718585,45
45,CC(O)(CC(=O)O)CC(=O)SCCNC(=O)CCNC(=O)[C@H](O)C(C)(C)COP(=O)(O)OP(=O)(O)OC[C@H]1O[C@@H](n2cnc3c(N)ncnc32)[C@H](O)[C@@H]1OP(=O)(O)O,0.4669925,46
46,CC(C)CCC[C@@H](C)[C@H]1CC[C@H]2C3=CC[C@H]4[C@](C)(C=O)[C@@H](O)CC[C@]4(C)[C@H]3CC[C@]12C,0.46613866,47
47,CC(C)=CCCC(C)=CCCC(C)=CCCC(C)=CCCC(C)=CCCC(C)=CCCC(C)=CCCC(C)=CCCC(C)=CCCC(C)=CCCC(C)=CCCC(C)=CCCC(C)=CCCC(C)=CCCC(C)=CCCC(C)=CCCC(C)=CCCC(C)=CCCC(C)=CCCC(C)=CCOP(=O)(O)OP(=O)(O)O,0.46482092,48
48,CC(C)CCC[C@@H](C)[C@H]1CC[C@H]2C3=CC[C@@H]4[C@](C)(CC[C@H](O)[C@@]4(C)C(=O)O)[C@H]3CC[C@]12C,0.46349034,49
49,CO/N=C(\C(=O)N[C@@H]1C(=O)N2C(C(=O)[O-])=C(C[n+]3ccn4ncccc43)CS[C@H]12)c1nsc(N)n1,0.46344954,50
50,CC(O)CC(=O)SCCNC(=O)CCNC(=O)[C@H](O)C(C)(C)COP(=O)(O)OP(=O)(O)OC[C@H]1O[C@@H](n2cnc3c(N)ncnc32)[C@H](O)[C@@H]1OP(=O)(O)O,0.46172535,51
51,CC(=O)N[C@H]1[C@@H](OP(=O)(O)OP(=O)(O)OC[C@H]2O[C@@H](n3ccc(=O)[nH]c3=O)[C@H](O)[C@@H]2O)O[C@H](CO)[C@@H](O)[C@@H]1O[C@H](C)C(=O)N[C@@H](C)C(=O)N[C@H](CCC(=O)O)C(=O)O,0.4616725,52
52,CC[C@H]1OC(=O)[C@H](C)C(=O)[C@H](C)[C@@H](O[C@@H]2O[C@H](C)C[C@H](N(C)C)[C@H]2O)[C@](C)(OCC=Cc2cnc3ccccc3c2)C[C@@H](C)C(=O)[C@H](C)[C@H]2NC(=O)O[C@@]21C,0.4609358,53
53,O=C([O-])C1=C[C@H](O)[C@@H](OS(=O)(=O)[O-])[C@H](O[C@H]2[C@H](O)[C@@H](NS(=O)(=O)[O-])[C@@H](O)O[C@@H]2COS(=O)(=O)[O-])O1,0.4592006,54
54,CC[C@H]1OC(=O)[C@H](C)[C@@H](O)[C@H](C)[C@@H](O)[C@@H](C)C[C@@H](C)C(=O)[C@H](C)[C@@H](O)[C@H]1C,0.45919847,55
55,CC(C)=CCC[C@](C)(O[C@@H]1O[C@H](CO)[C@@H](O)[C@H](O)[C@H]1O)[C@H]1CC[C@]2(C)[C@@H]1[C@H](O)C[C@@H]1[C@@]3(C)CC[C@H](O)C(C)(C)[C@@H]3[C@@H](O[C@@H]3O[C@H](CO)[C@@H](O)[C@H](O)[C@H]3O)C[C@]12C,0.45883787,56
56,CCN1CCN(C(=O)N[C@@H](C(=O)N[C@@H]2C(=O)N3C(C(=O)O)=C(CSc4nnnn4C)CS[C@H]23)c2ccc(O)cc2)C(=O)C1=O,0.45826715,57
57,CC(C)=CCCC(C)=CCCC(C)=CCCC(C)=CCCC(C)=CCCC(C)=CCCC(C)=CCCC(C)=CCCC(C)=CCCC(C)=CCCC(C)=CCCC(C)=CCCC(C)=CCCC(C)=CCCC(C)=CCCC(C)=CCCC(C)=CCCC(C)=CCCC(C)=CCCC(C)=CCCC(C)=CCOP(=O)(O)OP(=O)(O)O,0.45796162,58
58,CCCCC/C=C\C/C=C\C=C\C=C\[C@H](O)[C@@H](O)CCCC(=O)O,0.45791996,59
59,CO[C@H]1/C=C/O[C@@]2(C)Oc3c(C)c(O)c4c(O)c(cc(O)c4c3C2=O)NC(=O)/C(C)=C\C=C\[C@H](C)[C@H](O)[C@@H](C)[C@@H](O)[C@@H](C)[C@H](OC(C)=O)[C@@H]1C,0.4575283,60
60,C[C@H](CCC(=O)NCCS(=O)(=O)O)[C@H]1CC[C@H]2[C@@H]3[C@@H](O)C[C@@H]4C[C@H](O)CC[C@]4(C)[C@H]3CC[C@]12C,0.4568436,61
61,CCCCC(=O)O[C@]1(C(=O)CO)CC[C@H]2[C@@H]3CCC4=CC(=O)CC[C@]4(C)[C@H]3[C@@H](O)C[C@@]21C,0.45681724,62
62,CCC(=O)O[C@]1(C(=O)CCl)[C@@H](C)C[C@H]2[C@@H]3CCC4=CC(=O)C=C[C@]4(C)[C@@]3(F)[C@@H](O)C[C@@]21C,0.45655197,63
63,CCCCCCCCC[C@H](O)CC(=O)SCCNC(=O)CCNC(=O)[C@H](O)C(C)(C)COP(=O)(O)OP(=O)(O)OC[C@H]1O[C@@H](n2cnc3c(N)ncnc32)[C@H](O)[C@@H]1OP(=O)(O)O,0.4558477,64
64,CC(=O)N[C@H]1[C@H]([C@H](O)[C@H](O)CO)O[C@@](O[C@H]2[C@@H](O)[C@@H](CO)O[C@@H](O[C@H]3[C@H](O)[C@@H](O)[C@@H](O)O[C@@H]3CO)[C@@H]2O)(C(=O)O)C[C@@H]1O,0.4547626,65
65,CCOC(=O)O[C@]1(C(=O)OCCl)CC[C@H]2[C@@H]3CCC4=CC(=O)C=C[C@]4(C)[C@H]3[C@@H](O)C[C@@]21C,0.45457947,66
66,COc1cc(C(F)(F)C(=O)N2CCCC[C@H]2C(=O)O[C@@H](CCCc2ccccc2)CCCc2cccnc2)cc(OC)c1OC,0.4537538,67
67,CCCCCCCCCCC[C@H](O)CC(=O)SCCNC(=O)CCNC(=O)[C@H](O)C(C)(C)COP(=O)(O)OP(=O)(O)OC[C@H]1O[C@@H](n2cnc3c(N)ncnc32)[C@H](O)[C@@H]1OP(=O)(O)O,0.45319584,68
68,CCCCCCCCCC(=O)CC(=O)SCCNC(=O)CCNC(=O)[C@H](O)C(C)(C)COP(=O)(O)OP(=O)(O)OC[C@H]1O[C@@H](n2cnc3c(N)ncnc32)[C@H](O)[C@@H]1OP(=O)(O)O,0.45205998,69
69,C=C(CC(=O)SCCNC(=O)CCNC(=O)[C@H](O)C(C)(C)COP(=O)(O)OP(=O)(O)OC[C@H]1O[C@@H](n2cnc3c(N)ncnc32)[C@H](O)[C@@H]1OP(=O)(O)O)C(=O)O,0.45164177,70
70,CC(C)=CCCC(C)=CCCC(C)=CCCC(C)=CCCC(C)=CCCC(C)=CCCC(C)=CCCC(C)=CCCC(C)=CCCC(C)=CCCC(C)=CCCC(C)=CCCC(C)=CCCC(C)=CCCC(C)=CCCC(C)=CCCC(C)=CCCC(C)=CCCC(C)=CCCC(C)=CCCC(C)=CCCC(C)=CCOP(=O)(O)OP(=O)(O)O,0.45113775,71
71,CCCCCCCCCCC/C=C/C(=O)SCCNC(=O)CCNC(=O)[C@H](O)C(C)(C)COP(=O)(O)OP(=O)(O)OC[C@H]1O[C@@H](n2cnc3c(N)ncnc32)[C@H](O)[C@@H]1OP(=O)(O)O,0.45080873,72
72,CCCCCCCCCCCCC[C@H](O)CC(=O)SCCNC(=O)CCNC(=O)[C@H](O)C(C)(C)COP(=O)(O)OP(=O)(O)OC[C@H]1O[C@@H](n2cnc3c(N)ncnc32)[C@H](O)[C@@H]1OP(=O)(O)O,0.4504779,73
73,NCCCCNCCCNC(=O)CNC(=O)[C@H](CS)NC(=O)CC[C@H](N)C(=O)O,0.45039213,74
74,CC(C)C[C@H](NP(=O)(O)O[C@@H]1O[C@@H](C)[C@H](O)[C@@H](O)[C@H]1O)C(=O)N[C@@H](Cc1c[nH]c2ccccc12)C(=O)O,0.44970828,75
75,CCCCCCC/C=C/C(=O)SCCNC(=O)CCNC(=O)[C@H](O)C(C)(C)COP(=O)(O)OP(=O)(O)OC[C@H]1O[C@@H](n2cnc3c(N)ncnc32)[C@H](O)[C@@H]1OP(=O)(O)O,0.44849285,76
76,CCCCCSCC(=O)SCCNC(=O)CCNC(=O)[C@H](O)C(C)(C)COP(=O)(O)OP(=O)(O)OC[C@H]1O[C@@H](n2cnc3c(N)ncnc32)[C@H](O)[C@@H]1OP(=O)(O)O,0.44822183,77
77,CC(=O)[C@@]12O[C@](C)(c3ccccc3)O[C@@H]1C[C@H]1[C@@H]3CCC4=CC(=O)CC[C@]4(C)[C@H]3CC[C@@]12C,0.44773367,78
78,CCCCCCCCCCCCCCCC(O)CC(=O)SCCNC(=O)CCNC(=O)[C@H](O)C(C)(C)COP(=O)(O)OP(=O)(O)OC[C@H]1O[C@@H](n2cnc3c(N)ncnc32)[C@H](O)[C@@H]1OP(=O)(O)O,0.44765633,79
79,CCCCCCCC(=O)CC(=O)SCCNC(=O)CCNC(=O)[C@H](O)C(C)(C)COP(=O)(O)OP(=O)(O)OC[C@H]1O[C@@H](n2cnc3c(N)ncnc32)[C@H](O)[C@@H]1OP(=O)(O)O,0.44750893,80
80,CCCCCCCCCCCCCC(=O)CC(=O)SCCNC(=O)CCNC(=O)[C@H](O)C(C)(C)COP(=O)(O)OP(=O)(O)OC[C@H]1O[C@@H](n2cnc3c(N)ncnc32)[C@H](O)[C@@H]1OP(=O)(O)O,0.44738874,81
81,CC(=O)N[C@H]1[C@H](O[C@H]2[C@H](O[C@H](C)C(=O)N[C@@H](C)C(=O)N[C@H](CCC(=O)N[C@@H](CCC[C@@H](N)C(=O)O)C(=O)N[C@H](C)C(=O)O)C(=O)O)[C@@H](NC(C)=O)[C@@H]3OC[C@H]2O3)O[C@H](CO)[C@@H](O)[C@@H]1O,0.44719246,82
82,CO[C@H]1C[C@H](O[C@H]2[C@H](C)[C@@H](O[C@@H]3O[C@H](C)C[C@H](N(C)C)[C@H]3O)[C@@H](C)C[C@@]3(CO3)C(=O)[C@H](C)[C@@H](O)[C@@H](C)[C@@H](C)OC(=O)[C@@H]2C)O[C@@H](C)[C@@H]1O,0.44712144,83
83,CC(C)=CCC[C@@H](C)[C@H]1CC[C@H]2C3=C(CC[C@]12C)[C@@]1(C)CC[C@H](O)C(C=O)[C@@H]1CC3,0.4466168,84
84,CCCCCCCCCCCCCC=CC(=O)SCCNC(=O)CCNC(=O)[C@H](O)C(C)(C)COP(=O)(O)OP(=O)(O)OC[C@H]1O[C@@H](n2cnc3c(N)ncnc32)[C@H](O)[C@@H]1OP(=O)(O)O,0.4454948,85
85,CCCCCCCCCCCCCCCCCC(O)CC(=O)SCCNC(=O)CCNC(=O)[C@H](O)C(C)(C)COP(=O)(O)OP(=O)(O)OC[C@H]1O[C@@H](n2cnc3c(N)ncnc32)[C@H](O)[C@@H]1OP(=O)(O)O,0.44497955,86
86,CCCCCCCCCCCCCCCC(=O)CC(=O)SCCNC(=O)CCNC(=O)[C@H](O)C(C)(C)COP(=O)(O)OP(=O)(O)OC[C@H]1O[C@@H](n2cnc3c(N)ncnc32)[C@H](O)[C@@H]1OP(=O)(O)O,0.44468957,87
87,COC1=C(O)C(=O)C(C)=C(C/C=C(\C)CC/C=C(\C)CC/C=C(\C)CC/C=C(\C)CC/C=C(\C)CCC=C(C)C)C1=O,0.44454843,88
88,CCCCCCCCCCCCCCCCCCCC(O)CC(=O)SCCNC(=O)CCNC(=O)[C@H](O)C(C)(C)COP(=O)(O)OP(=O)(O)OC[C@H]1O[C@@H](n2cnc3c(N)ncnc32)[C@H](O)[C@@H]1OP(=O)(O)O,0.44237465,89
89,C[C@H](CCC(=O)NCC(=O)[O-])[C@H]1CC[C@H]2[C@@H]3[C@H](O)C[C@@H]4C[C@H](O)CC[C@]4(C)[C@H]3C[C@H](O)[C@]12C,0.44199783,90
90,OC[C@H]1O[C@H]2C=C[C@H]3O[C@H]4[C@H](O)[C@H]5OCC=CC[C@@H]5O[C@@H]4C[C@@H]3O[C@@H]2C/C=C\[C@@H]1O,0.44036305,91
91,CCCCCCCCCCCCCCCCCCCCCC(O)CC(=O)SCCNC(=O)CCNC(=O)[C@H](O)C(C)(C)COP(=O)(O)OP(=O)(O)OC[C@H]1O[C@@H](n2cnc3c(N)ncnc32)[C@H](O)[C@@H]1OP(=O)(O)O,0.43985868,92
92,CCCCC[C@H](O)/C=C/[C@@H]1[C@@H](C/C=C\CCCC(=O)O)[C@@H](O)C[C@H]1O,0.4394426,93
93,C=C1/C(=C\C=C2/CCC[C@]3(C)[C@@H]([C@H](C)/C=C/[C@H](C)C(C)C)CC[C@@H]23)C[C@@H](O)C[C@@H]1O,0.4392261,94
94,CCCCCCCC(=O)CC[C@@H]1[C@@H](C/C=C\CCCC(=O)O)[C@@H](O)C[C@H]1O,0.43895733,95
95,CCCCCCCCCCCCCCCCCCCCCCC[C@H](O)CC(=O)SCCNC(=O)CCNC(=O)[C@H](O)C(C)(C)COP(=O)(O)OP(=O)(O)OC[C@H]1O[C@@H](n2cnc3c(N)ncnc32)[C@H](O)[C@@H]1OP(=O)(O)O,0.4375595,96
96,Cc1cc(C(=O)N[C@@H](C)C(=O)N[C@H](C(=O)N[C@@H](CC(C)C)C(=O)N[C@H](/C=C/C(=O)OCc2ccccc2)C[C@@H]2CCNC2=O)C(C)C)no1,0.4373521,97
97,N=C1N[C@@H](O)C[C@H]([C@@H]2NC(=O)/C(=C/NC(N)=O)NC(=O)[C@H](CO)NC(=O)[C@H](CO)NC(=O)[C@@H](NC(=O)C[C@@H](N)CCCN)CNC2=O)N1,0.43592727,98
98,C=C[C@]1(C)C[C@@H](OC(=O)CSCCN(CC)CC)[C@]2(C)[C@H](C)CC[C@]3(CCC(=O)[C@H]32)[C@@H](C)[C@@H]1O,0.43587616,99
99,CCCC(=O)O[C@]1(C(=O)CO)CC[C@H]2[C@@H]3CCC4=CC(=O)CC[C@]4(C)[C@H]3[C@@H](O)C[C@@]21C,0.43571454,100
100,CCCCCCCCCCCCCCCCCCCCCCC/C=C/C(=O)SCCNC(=O)CCNC(=O)[C@H](O)C(C)(C)COP(=O)(O)OP(=O)(O)OC[C@H]1O[C@@H](n2cnc3c(N)ncnc32)[C@H](O)[C@@H]1OP(=O)(O)O,0.4352501,101
101,O=C([O-])C1=C[C@H](O)[C@@H](OS(=O)(=O)[O-])[C@H](O[C@H]2[C@H](O)[C@@H](NS(=O)(=O)[O-])[C@@H](O)O[C@@H]2CO)O1,0.43466565,102
102,CCCCCCCCCCCCCC(=O)SCCNC(=O)CCNC(=O)[C@H](O)C(C)(C)COP(=O)(O)OP(=O)(O)OC[C@H]1O[C@@H](n2cnc3c(N)ncnc32)[C@H](O)[C@@H]1OP(=O)(O)O,0.43161815,103
103,CCCCCCCC(=O)SCCNC(=O)CCNC(=O)[C@H](O)C(C)(C)COP(=O)(O)OP(=O)(O)OC[C@H]1O[C@@H](n2cnc3c(N)ncnc32)[C@H](O)[C@@H]1OP(=O)(O)O,0.42935216,104
104,C[C@]12CC[C@@H]3c4ccc(O)cc4C[C@@H](CCCCCCCCCS(=O)CCCC(F)(F)C(F)(F)F)[C@H]3[C@@H]1CC[C@@H]2O,0.4276235,105
105,C/C=C1\NC(=O)[C@H]2CSSCC/C=C/[C@H](CC(=O)N[C@H](C(C)C)C(=O)N2)OC(=O)[C@H](C(C)C)NC1=O,0.42663798,106
106,C[C@]12CCC(=O)C=C1CC[C@@H]1[C@@H]2[C@@H](O)C[C@@]2(C)[C@H]1CC[C@]2(O)C(=O)COC(=O)CCC(=O)O,0.42553532,107
107,CCCCCCCCCCCCCCCC(=O)OC[C@@H](NC(=O)C(Cl)Cl)[C@H](O)c1ccc([N+](=O)[O-])cc1,0.42458582,108
108,C=CC(C)(C)OC[C@H]1O[C@H](O[C@@H]2C3=C([C@H](C)COC(C)=O)C[C@H](O)[C@]3(C)/C=C3/[C@@H](COC)CC[C@H]3[C@@H](C)[C@H]2O)[C@H](O)[C@@H](OC(C)=O)[C@@H]1O,0.42390987,109
109,CC(C)[C@@H](C)/C=C/[C@@H](C)[C@H]1CC[C@H]2C3=CC=C4C[C@@H](O[C@@H]5O[C@H](CO)[C@@H](O)[C@H](O)[C@H]5O)CC[C@]4(C)[C@H]3CC[C@]12C,0.42317897,110
110,CC(C)(COP(=O)([O-])OP(=O)([O-])OC[C@H]1O[C@@H](n2cnc3c(N)ncnc32)[C@H](O)[C@@H]1OP(=O)([O-])[O-])[C@@H](O)C(=O)NCCC(=O)NCCSC(=O)C[C@@](C)(O)CC(=O)[O-],0.42309546,111
111,CC1(C)O[C@@H]2C[C@H]3[C@@H]4C[C@H](F)C5=CC(=O)C=C[C@]5(C)[C@@]4(F)[C@@H](O)C[C@]3(C)[C@]2(C(=O)CO)O1,0.42269993,112
112,C[C@H](CCC(=O)O)[C@H]1CC[C@H]2[C@@H]3C(=O)C[C@@H]4CC(=O)CC[C@]4(C)[C@H]3CC(=O)[C@]12C,0.42089078,113
113,CO/C(=C/C(N)=O)[C@H](C)[C@H](/C=C/c1csc(-c2csc([C@@H](C)/C=C/C=C/C(C)C)n2)n1)OC,0.414791,114
114,CC(=O)O[C@]1(C(C)=O)CC[C@H]2[C@@H]3C=C(Cl)C4=CC(=O)[C@@H]5C[C@@H]5[C@]4(C)[C@H]3CC[C@@]21C,0.4117909,115
115,CCCCCCCCCCCCCCCCCCCCCCCCCC(=O)N[C@@H](CO[C@H]1O[C@H](CO)[C@H](O)[C@H](O)[C@H]1O)[C@H](O)[C@H](O)CCCCCCCCCCCCCC,0.40967202,116
116,CCCCCCCC/C=C\CCCCCCCC(=O)O[C@H]1CC[C@]2(C)C3=C(CC[C@H]2C1(C)C)[C@]1(C)CC[C@H]([C@H](C)CCC=C(C)C)[C@@]1(C)CC3,0.4074372,117
117,CC1(C)[C@@H](O[C@H]2O[C@H](C(=O)O)[C@@H](O)[C@H](O)[C@H]2O[C@@H]2O[C@H](C(=O)O)[C@@H](O)[C@H](O)[C@H]2O)CC[C@]2(C)[C@H]3C(=O)C=C4[C@@H]5C[C@@](C)(C(=O)O)CC[C@]5(C)CC[C@@]4(C)[C@]3(C)CC[C@@H]12,0.40688688,118
118,C=C1/C(=C\C=C2/CCC[C@]3(C)[C@@H]([C@H](C)CC[C@@H](O)C(C)C)CC[C@@H]23)C[C@@H](O)C[C@@H]1O,0.40679625,119
119,CCCCCC/C=C\CCCCCCCC(=O)O[C@H]1CC[C@]2(C)C3=C(CC[C@H]2C1(C)C)[C@]1(C)CC[C@H]([C@H](C)CCC=C(C)C)[C@@]1(C)CC3,0.4066722,120
120,CCCCCCCCCCCCCCCCCCCCCCCC(=O)N[C@@H](CO)[C@H](O)[C@H](O)CCCCCCCCCCCCCC,0.40486407,121
121,CCCCCCCCCCCCCCCCCCCCCCCCCC(=O)N[C@@H](CO)[C@H](O)[C@H](O)CCCCCCCCCCCCCC,0.4048199,122
122,COc1ccc(CC2c3cc(OC)c(OC)cc3CC[N+]2(C)CCC(=O)OCCCCCOC(=O)CC[N+]2(C)CCc3cc(OC)c(OC)cc3C2Cc2ccc(OC)c(OC)c2)cc1OC.O=S(=O)([O-])c1ccccc1.O=S(=O)([O-])c1ccccc1,0.40275896,123
123,Nc1ccn([C@@H]2O[C@H](COP(=O)(O)OP(=O)(O)OC[C@H]3O[C@H]4Nc5nc(N)[nH]c(=O)c5N[C@H]4C(S)=C3S)[C@@H](O)[C@H]2O)c(=O)n1,0.4023399,124
124,Nc1nc(N)nc(Nc2cc(S(=O)(=O)O)cc3cc(S(=O)(=O)O)c(/N=N/c4ccccc4S(=O)(=O)O)c(O)c23)n1,0.4001562,125
125,CCCCN(C)C(=O)CCCCCCCCCC[C@@H]1Cc2cc(O)ccc2[C@H]2CC[C@]3(C)[C@@H](O)CC[C@H]3[C@H]12,0.39904186,126
126,CC(C)=CCC[C@@H](C)[C@H]1CC[C@H]2C3=C(CC[C@]12C)[C@@]1(C)CC[C@H](O)C(CO)[C@@H]1CC3,0.39757055,127
127,C=C1[C@@H](C)[C@H]2[C@H](Cc3ccccc3)NC(=O)[C@]23OC(=O)/C=C/[C@H](O)CCC[C@@H](C)C/C=C/[C@H]3[C@@H]1O,0.39727858,128
128,C=C(/C=C/[C@@H](C)[C@H]1CC[C@H]2C3=CC=C4C[C@@H](O)CC[C@]4(C)[C@H]3CC[C@]12C)C(C)C,0.39485976,129
129,CC(C)(COP(=O)([O-])OP(=O)(O)OC[C@H]1O[C@@H](n2cnc3c(N)ncnc32)[C@H](O)[C@@H]1OP(=O)(O)O)[C@@H](O)C(=O)NCCC(=O)NCCSC(=O)C[C@@H](O)C[N+](C)(C)C,0.39451617,130
130,CC(C)=CCC[C@](C)(O[C@@H]1O[C@H](CO)[C@@H](O)[C@H](O)[C@H]1O)[C@H]1CC[C@]2(C)[C@@H]1[C@H](O)C[C@@H]1[C@@]3(C)CC[C@H](O)C(C)(C)[C@@H]3[C@@H](O[C@@H]3O[C@H](CO)[C@@H](O)[C@H](O)[C@H]3O[C@@H]3O[C@@H](C)[C@H](O)[C@@H](O)[C@H]3O)C[C@]12C,0.39390564,131
131,CSCC[C@H](NC(=O)[C@H](CO)NC(=O)[C@H](Cc1ccc(O)cc1)NC(=O)[C@@H](N)CO)C(=O)N[C@@H](CCC(=O)O)C(=O)N[C@@H](Cc1cnc[nH]1)C(=O)N[C@@H](Cc1ccccc1)C(=O)N[C@@H](CCCNC(=N)N)C(=O)N[C@@H](Cc1c[nH]c2ccccc12)C(=O)NCC(=O)N[C@@H](CCCCN)C(=O)N1CCC[C@H]1C(=O)N[C@H](C(=O)NCC(=O)N[C@@H](CCCCN)C(=O)N[C@@H](CCCCN)C(=O)N[C@@H](CCCNC(=N)N)C(=O)N[C@@H](CCCNC(=N)N)C(=O)N1CCC[C@H]1C(=O)N[C@H](C(=O)N[C@@H](CCCCN)C(=O)N[C@H](C(=O)N[C@@H](Cc1ccc(O)cc1)C(=O)N1CCC[C@H]1C(=O)O)C(C)C)C(C)C)C(C)C,0.39141893,132
132,CC[C@H](C)[C@@H]([C@@H](CC(=O)N1CCC[C@H]1[C@H](OC)[C@@H](C)C(=O)NCCc1ccccc1)OC)N(C)C(=O)[C@@H](NC(=O)[C@H](C(C)C)N(C)C)C(C)C,0.39059943,133
133,OC[C@H]1O[C@H](O[C@]2(CCl)O[C@H](CCl)[C@@H](O)[C@@H]2O)[C@H](O)[C@@H](O)[C@H]1Cl,0.39029253,134
134,CCCCCCCC/C=C\CCCCCCCC(=O)O[C@H]1CC[C@@]2(C)C(=CC=C3[C@@H]4CC[C@H]([C@H](C)/C=C/[C@H](C)C(C)C)[C@@]4(C)CC[C@@H]32)C1,0.38973403,135
135,CCCCCC[C@@H](O)C/C=C\CCCCCCCC(=O)O,0.38543147,136
136,CCCCCC/C=C\CCCCCCCC(=O)O[C@H]1CC[C@@]2(C)C(=CC=C3[C@@H]4CC[C@H]([C@H](C)/C=C/[C@H](C)C(C)C)[C@@]4(C)CC[C@@H]32)C1,0.38436747,137
137,N=C(N)NCCC[C@@H](NC(=O)[C@@H]1CCCN1C(=O)[C@@H]1CSSCCC(=O)N[C@@H](Cc2ccc(O)cc2)C(=O)N[C@@H](Cc2ccccc2)C(=O)N[C@@H](CCC(N)=O)C(=O)N[C@@H](CC(N)=O)C(=O)N1)C(=O)NCC(N)=O,0.38413838,138
138,CN[C@@H]1[C@H](O[C@H]2[C@H](O[C@H]3[C@H](O)[C@@H](O)[C@H](NC(=N)N)[C@@H](O)[C@@H]3NC(=N)N)O[C@@H](C)[C@]2(O)CO)O[C@@H](CO)[C@H](O)[C@H]1O,0.38379723,139
139,CCCCC/C=C\C/C=C\CCCCCCCC(=O)O[C@H]1CC[C@@]2(C)C(=CC[C@H]3[C@@H]4CC[C@H]([C@H](C)CCCC(C)C)[C@@]4(C)CC[C@@H]32)C1,0.38304597,140
140,C=C(CC[C@@H](C)[C@H]1CC[C@H]2C3=C(CC[C@]12C)[C@@]1(C)CC[C@H](OC(=O)CCCCCCC/C=C\CCCCCCCC)C[C@@H]1CC3)C(C)C,0.38017595,141
141,CN[C@H]1[C@@H](O[C@@H]2/C3=C/C#C[C@H]4O[C@@]4([C@H]4COC(=O)O4)C#CC3=C[C@H]2OC(=O)c2c(O)ccc3c(C)cc(OC)cc23)O[C@H](C)[C@H](O)[C@@H]1O,0.3800168,142
142,CC1=C(/C=C/C(C)=C/C=C/C(C)=C/C(=O)Nc2ccc(O)cc2)C(C)(C)CCC1,0.37899306,143
143,CCCCCCCC/C=C\CCCCCCCC(=O)O[C@H]1CC[C@]2(C)C3=C(CC[C@H]2C1)[C@@H]1CC[C@H]([C@H](C)CCC=C(C)C)[C@@]1(C)CC3,0.37729007,144
144,C=C(CC[C@@H](C)[C@H]1CC[C@H]2C3=CC[C@H]4C[C@@H](OC(=O)CCCCCCC/C=C\CCCCCCCC)CC[C@]4(C)[C@H]3CC[C@]12C)C(C)C,0.37725854,145
145,CC[C@H](C)[C@@H]([C@@H](CC(=O)N1CCC[C@H]1[C@H](OC)[C@@H](C)C(=O)N[C@@H](Cc1ccccc1)c1nccs1)OC)N(C)C(=O)[C@@H](NC(=O)[C@H](C(C)C)N(C)C)C(C)C,0.3763739,146
146,CC(C)C[C@@H](NC(=N)N)C(=O)NCC(=O)N1CCC(c2cc(-c3ccc(OCc4ccc(C(=O)O)o4)c(Cl)c3Cl)nn2C)CC1,0.37617087,147
147,C=C(CC[C@@H](C)[C@H]1CC[C@H]2C3=C(CC[C@]12C)[C@@]1(C)CC[C@H](OC(=O)CCCCCCC/C=C\CCCCCC)C[C@@H]1CC3)C(C)C,0.375264,148
148,CC(C)=CCC/C(C)=C/CC/C(C)=C/CC/C(C)=C/CC/C(C)=C/CC/C(C)=C/CC/C(C)=C/CC1=C(C)C(=O)c2ccccc2C1=O,0.37482154,149
149,COC(C)(C)CCC[C@H](C)C/C=C/C(C)=C/C(=O)OC(C)C,0.37423578,150
150,CC1=C(CCOP(=O)(O)OP(=O)(O)O)S[C@@]2([C@H](C)O)Nc3nc(C)ncc3CN12,0.37340587,151
151,CCCCCC/C=C\CCCCCCCC(=O)O[C@H]1CC[C@]2(C)C3=C(CC[C@H]2C1)[C@@H]1CC[C@H]([C@H](C)CCC=C(C)C)[C@@]1(C)CC3,0.37337714,152
152,CC(=O)O[C@@]12[C@H](O)[C@@H](C)[C@@]3(O)[C@@H](C=C(CO)C[C@]4(O)C(=O)C(C)=C[C@@H]34)[C@@H]1C2(C)C,0.37269562,153
153,CC(C)[C@@H](NC(=O)[C@H](CS)NC(=O)CCC[C@H](N)C(=O)O)C(=O)O,0.3724199,154
154,CSCC[C@H](NC(=O)[C@H](Cc1ccccc1)NC(=O)CNC(=O)CNC(=O)[C@@H](N)Cc1ccc(O)cc1)C(=O)O,0.3721853,155
155,C=C(CC[C@@H](C)[C@H]1CC[C@H]2C3=CC[C@H]4C[C@@H](OC(=O)CCCCCCC/C=C\CCCCCC)CC[C@]4(C)[C@H]3CC[C@]12C)C(C)C,0.37178752,156
156,O=C(Nc1nccs1)c1cccc(CN2C(=O)N(Cc3cccc(C(=O)Nc4nccs4)c3)[C@H](Cc3ccccc3)[C@H](O)[C@@H](O)[C@H]2Cc2ccccc2)c1,0.37077338,157
157,CCCCC/C=C\C/C=C\C/C=C\C/C=C\CCCC(=O)C(F)(F)F,0.36992645,158
158,CN(C)CC[C@H](CSc1ccccc1)Nc1ccc(S(=O)(=O)NC(=O)c2ccc(N3CCN(Cc4ccccc4-c4ccc(Cl)cc4)CC3)cc2)cc1[N+](=O)[O-],0.36974567,159
159,C[C@@H]1C[C@H]2[C@@H]3C[C@H](F)C4=CC(=O)C=C[C@]4(C)[C@@]3(F)[C@@H](O)C[C@]2(C)[C@@]1(O)C(=O)CO,0.3684614,160
160,C[C@@H]1C[C@H]2O[C@@H]2/C=C\C=C\C(=O)Cc2c(Cl)c(O)cc(O)c2C(=O)O1,0.36718237,161
161,O=S(=O)(O)c1ccc(O)c(/N=N/c2c(S(=O)(=O)O)cc3c(S(=O)(=O)O)c(Nc4ncnc(Nc5ccc6c(O)c(/N=N/c7cc(S(=O)(=O)O)ccc7O)c(S(=O)(=O)O)cc6c5S(=O)(=O)O)n4)ccc3c2O)c1,0.3669139,162
162,CN[C@H](CC(C)C)C(=O)N[C@H]1C(=O)N[C@@H](CC(N)=O)C(=O)N[C@H]2C(=O)N[C@H]3C(=O)N[C@H](C(=O)N[C@H](C(=O)O)c4cc(O)cc(O)c4-c4cc3ccc4O)[C@H](O[C@H]3C[C@](C)(N)[C@@H](O)[C@H](C)O3)c3ccc(c(Cl)c3)Oc3cc2cc(c3O[C@@H]2O[C@H](CO)[C@@H](O)[C@H](O)[C@H]2O[C@H]2C[C@](C)(NCc3ccc(-c4ccc(Cl)cc4)cc3)[C@@H](O)[C@H](C)O2)Oc2ccc(cc2Cl)[C@H]1O,0.3668322,163
163,CC(=O)N[C@@H]1[C@@H](O)[C@H](O[C@@H]2O[C@H](CO)[C@H](O)[C@H](O)[C@H]2O[C@@H]2O[C@@H](C)[C@@H](O)[C@@H](O)[C@@H]2O)[C@@H](CO)O[C@H]1O,0.36623615,164
164,CC1=C2N3[C@@H]4[C@H](CC(N)=O)[C@@]2(C)CCC(=O)NC[C@@H](C)OP(=O)([O-])O[C@H]2[C@@H](O)[C@H](O[C@@H]2CO)n2c[n+](c5cc(C)c(C)cc52)[Co-3]325(C#N)[N+]3=C1[C@@H](CCC(N)=O)C(C)(C)C3=CC1=[N+]2C(=C(C)C2=[N+]5[C@]4(C)[C@@](C)(CC(N)=O)[C@@H]2CCC(N)=O)[C@@](C)(CC(N)=O)[C@@H]1CCC(N)=O,0.36596817,165
165,CC(=O)O[C@]1(C(C)=O)CC[C@H]2[C@@H]3C[C@H](C)C4=CC(=O)CC[C@]4(C)[C@H]3CC[C@@]21C,0.3655206,166
166,CCCCCCCCCCCCCCCC(=O)OCC(CSC[C@H](N)C(=O)N[C@@H](CO)C(=O)N[C@@H](CCCCN)C(=O)N[C@@H](CCCCN)C(=O)N[C@@H](CCCCN)C(=O)N[C@@H](CCCCN)C(=O)O)OC(=O)CCCCCCCCCCCCCCC,0.36393833,167
167,CCCCCCSC[C@H](NC(=O)CC[C@H](N)C(=O)O)C(=O)NCC(=O)O,0.3636371,168
168,CC1=CC(=O)CC(C)(C)[C@@]1(O)/C=C/C(C)=C\C(=O)O,0.36331695,169
169,CC(C)=CCC[C@@H](C)[C@H]1CC[C@H]2C3=C(CC[C@]12C)[C@@]1(C)CC[C@H](O)C(C)(C)[C@@H]1CC3,0.36211556,170
170,CC(/C=C/C=C(\C)C(=O)O)=C\C=C\C=C(C)\C=C\C=C(/C)C(=O)O,0.3596878,171
171,C[C@]12CC[C@H](O)C[C@H]1CC[C@@H]1[C@@H]2C[C@@H](O)[C@]2(C)[C@@H](C3=CC(=O)OC3)CC[C@]12O,0.35734707,172
172,CC[C@H]1[C@@H](O)[C@@H]2[C@H](CC[C@]3(C)[C@@H]([C@H](C)CCC(=O)O)CC[C@@H]23)[C@@]2(C)CC[C@@H](O)C[C@@H]12,0.35613987,173
173,C[C@@]12OC(=O)[C@]1([C@@H](O)[C@@H]1C=CCCC1)NC(=O)[C@@H]2CCCl,0.35479012,174
174,CC[C@H](C)C[C@H](C)CCCCCCCCC(=O)N[C@H]1C[C@@H](O)[C@@H](NCCN)NC(=O)[C@@H]2[C@@H](O)CCN2C(=O)[C@H]([C@H](O)CCN)NC(=O)[C@H]([C@H](O)[C@@H](O)c2ccc(O)cc2)NC(=O)[C@@H]2C[C@@H](O)CN2C(=O)[C@H]([C@@H](C)O)NC1=O,0.3534267,175
175,COC1=C(C(=O)O)N2C(=O)[C@@H](NC(=O)[C@H](N)C3=CCC=CC3)[C@H]2SC1,0.34995937,176
176,CCCCCC/C=C\CCCCCCCC(=O)O[C@@H](COC(=O)CCCCCCC/C=C\CCCCCCCC)COC(=O)CCCCCCCCCCCCCCC,0.34803617,177
177,CC(C)=CCC[C@@H](C)[C@H]1CC[C@H]2C3=C(CC[C@]12C)[C@@]1(C)CCC(=O)C(C)[C@@H]1CC3,0.34678388,178
178,CC(=O)N[C@@H]1[C@@H](O)[C@H](O[C@@H]2O[C@H](CO)[C@H](O)[C@H](O)[C@H]2O)[C@@H](CO)O[C@@H]1O,0.34473023,179
179,CCCCC[C@H](O)/C=C/C1=C(C/C=C\CCCC(=O)O)C(=O)CC1,0.3446414,180
180,C[C@H](CCC(=O)O)[C@H]1CC[C@H]2[C@@H]3C[C@H](O)[C@@H]4C[C@H](O)CC[C@]4(C)[C@H]3CC[C@]12C,0.33945233,181
181,COc1cc([C@@H]2c3cc4c(cc3[C@@H](O[C@@H]3O[C@@H]5CO[C@@H](c6cccs6)O[C@H]5[C@H](O)[C@H]3O)[C@H]3COC(=O)[C@H]23)OCO4)cc(OC)c1O,0.33937025,182
182,COC(=O)C[C@@H]1C[C@@H](COc2ccc(-c3ccc(C(=N)NC(=O)OC)cc3)cc2)NC1=O,0.33741748,183
183,CC(C)=CCC/C(C)=C/CC/C(C)=C/CC/C(C)=C/CC/C(C)=C/CC/C(C)=C/CC/C(C)=C/CC/C(C)=C/CC/C(C)=C/COC(=O)c1ccc(O)cc1,0.33673495,184
184,C[C@]12CC[C@H](O)C[C@H]1CC[C@@H]1[C@@H]2CC[C@]2(C)[C@@H](C3=CC(=O)OC3)CC[C@]12O,0.33602956,185
185,CC1=C(C(=O)O)N2C(=O)[C@@H](NC(=O)CCC[C@@H](N)C(=O)O)[C@H]2SC1,0.33593854,186
186,C[C@@H]1C[C@H]2[C@@H]3C[C@H](F)C4=CC(=O)C=C[C@]4(C)[C@@]3(F)[C@@H](O)C[C@]2(C)[C@@]1(O)C(=O)SCF,0.3348427,187
187,CNC(=O)[C@H](Cc1c[nH]c2ccccc12)NC(=O)[C@@H](CC(=O)NO)CC(C)C,0.32913423,188
188,CC[C@H]1NC(=O)[C@@H](NC(=O)c2ncccc2O)[C@@H](C)OC(=O)[C@H](c2ccccc2)NC(=O)[C@@H]2CC(=O)CCN2C(=O)[C@H](Cc2ccccc2)N(C)C(=O)[C@@H]2CCCN2C1=O,0.32854545,189
189,CN[C@@H]1[C@@H](O)[C@@H](O[C@@H]2[C@@H](O)[C@H](O[C@H]3OC(CN)=CC[C@H]3N)[C@@H](N)C[C@H]2N)OC[C@]1(C)O,0.32849044,190
190,CC[C@H]1C2=[N+]3C(=Cc4c(C(C)=O)c(C)c5n4[Mg-2]34n3c(c(C)c6c3=C(C3=[N+]4C(=C5)[C@@H](C)[C@@H]3CCC(=O)OC/C=C(\C)CCC[C@H](C)CCC[C@H](C)CCCC(C)C)[C@@H](C(=O)OC)C6=O)=C2)[C@@H]1C,0.32647565,191
191,CC(=O)N[C@@H](CC(C)C)C(=O)N[C@@H](CC(C)C)C(=O)N[C@H](C=O)CCCNC(=N)N,0.32608396,192
192,C[C@@H]([C@H](N)C(=O)N[C@H](C(=O)O)[C@H]1O[C@@H](n2ccc(=O)[nH]c2=O)[C@H](O)[C@@H]1O)[C@H](O)c1ccc(O)cn1,0.3254057,193
193,CC1=C(/C=C\C2=CCC[C@]3(C)[C@@H]([C@H](C)CCCC(C)C)CC[C@@H]23)C[C@@H](O)CC1,0.32433608,194
194,CN(C)[C@@H]1C(O)=C(C(N)=O)C(=O)[C@@]2(O)C(O)=C3C(=O)c4c(O)ccc(Cl)c4[C@@](C)(O)[C@H]3C[C@@H]12,0.32410315,195
195,CC(C)(C)C(=O)OCC(=O)[C@H]1CC[C@H]2[C@@H]3CCC4=CC(=O)CC[C@]4(C)[C@H]3CC[C@]12C,0.3226776,196
196,CN[C@H](CC(C)C)C(=O)N[C@H]1C(=O)N[C@@H](CC(N)=O)C(=O)N[C@H]2C(=O)N[C@H]3C(=O)N[C@H](C(=O)N[C@H](C(=O)O)c4cc(O)cc(O)c4-c4cc3ccc4O)[C@H](O)c3ccc(c(Cl)c3)Oc3cc2cc(c3O[C@@H]2O[C@H](CO)[C@@H](O)[C@H](O)[C@H]2O)Oc2ccc(cc2Cl)[C@H]1O,0.32166278,197
197,CC(=O)O[C@]1(C(C)=O)CC[C@H]2[C@@H]3C=C(C)C4=CC(=O)CC[C@]4(C)[C@H]3CC[C@@]21C,0.31856835,198
198,O=C(O)CCCC(=O)N[C@H](Cc1ccccc1)[P@@](=O)(O)OCC(=O)NCCc1ccccc1,0.31751704,199
199,Nc1nc2c(c(=O)[nH]1)NC1C3=C4S[W]5(SC6=C(S5)C5Nc7c(nc(N)[nH]c7=O)NC5OC6COP(=O)([O-])O[Mg]OP(=O)([O-])OCC4OC1N2)S3,0.31734782,200
200,NC[C@H]1O[C@H](O[C@H]2[C@H](O[C@@H]3O[C@H](CO)[C@@H](O)[C@H]3O)[C@@H](O)[C@H](N)C[C@@H]2N)[C@H](N)[C@@H](O)[C@@H]1O,0.31468713,201
201,CC1(C)CCC(c2ccc(Cl)cc2)=C(CN2CCN(c3ccc(C(=O)NS(=O)(=O)c4ccc(N[C@H](CCN5CCOCC5)CSc5ccccc5)c(S(=O)(=O)C(F)(F)F)c4)cc3)CC2)C1,0.31418192,202
202,C[C@]12CCC(=O)C=C1C=C[C@@H]1[C@@H]2CC[C@@]2(C)[C@H]1CC[C@@]2(O)CCC(=O)O,0.31384522,203
203,CN(C)[C@@H]1C(O)=C(C(N)=O)C(=O)[C@@]2(O)C(O)=C3C(=O)c4c(O)cccc4[C@@](C)(O)[C@H]3[C@H](O)[C@@H]12,0.3121615,204
204,CC(C)(C)[C@H](NC(=O)C(F)(F)F)C(=O)N1C[C@H]2[C@@H]([C@H]1C(=O)N[C@H](C#N)C[C@@H]1CCNC1=O)C2(C)C,0.3121334,205
205,CC(=O)N[C@@H]1[C@@H](O)[C@@H](O)[C@@H](COS(=O)(=O)O)O[C@H]1O,0.310032,206
206,CCC(Oc1ccccc1)C(=O)N[C@@H]1C(=O)N2[C@@H]1SC(C)(C)[C@@H]2C(=O)O,0.3076471,207
207,COc1ccc2cc1Oc1ccc(cc1)C[C@H]1c3c(cc4c(c3Oc3cc5c(cc3OC)CCN(C)[C@@H]5C2)OCO4)CCN1C,0.30763984,208
208,CC(=O)N[C@H]1[C@@H](OC[C@H](N)C(=O)O)O[C@H](CO)[C@H](O)[C@@H]1O,0.30446935,209
209,C[C@H](OP(=O)(O)OC[C@@H](O)[C@@H](O)[C@@H](O)Cn1c2nc(=O)[nH]c(=O)c-2cc2ccc(O)cc21)C(=O)N[C@@H](CCC(=O)N[C@@H](CCC(=O)O)C(=O)O)C(=O)O,0.30189705,210
210,C[C@H](CCCC(C)(C)O)[C@H]1CC[C@H]2[C@@H]3CC=C4C[C@@H](O)CC[C@]4(C)[C@H]3CC[C@]12C,0.30102298,211
211,CCC[C@@H]1C[C@@H](C(=O)N[C@@H]([C@H]2O[C@H](SC)[C@H](O)[C@@H](O)[C@H]2O)[C@@H](C)O)N(C)C1,0.30086315,212
212,CCCCCCCCCCCCCC[C@@H](O)[C@@H](O)[C@@H](N)COP(=O)(O)O,0.29926467,213
213,C/C=C/C/C=C/CCC(=O)[C@H]1O[C@H]1C(N)=O,0.2971809,214
214,C/C(=C/C=C/[C@@H](C)C(=O)O)[C@H]1CN[C@H](C(=O)O)[C@H]1CC(=O)O,0.29652345,215
215,CC(C)CCC[C@@H](C)CCC[C@@H](C)CCC[C@@H](C)CCOC[C@@H](CO)OCC[C@H](C)CCC[C@H](C)CCC[C@H](C)CCCC(C)C,0.29149047,216
216,CC(=O)[C@H]1CC[C@H]2[C@@H]3CCC4=CC(=O)CC[C@]4(C)[C@H]3[C@H](OC(=O)CCC(=O)O)C[C@]12C,0.2876483,217
217,C=C1c2cccc(O)c2C(=O)C2=C(O)[C@]3(O)C(=O)C(C(N)=O)=C(O)[C@@H](N(C)C)[C@@H]3[C@@H](O)[C@H]12,0.28716144,218
218,CC1(C)S[C@@H]2[C@H](NC(=O)[C@H](N)c3ccccc3)C(=O)N2[C@H]1C(=O)OCOC(=O)[C@@H]1N2C(=O)C[C@H]2S(=O)(=O)C1(C)C,0.28663003,219
219,CC(=O)N[C@@H](Cc1ccccc1)C(=O)N[C@@H](Cc1ccc(C(F)(F)P(=O)(O)O)cc1)C(N)=O,0.28632477,220
220,C[C@H](O)C(=O)Nc1c(I)c(C(=O)NC(CO)CO)c(I)c(C(=O)NC(CO)CO)c1I,0.28375337,221
221,CC1(C)S[C@@H]2[C@H](NC(=O)C(C(=O)Oc3ccccc3)c3ccccc3)C(=O)N2[C@H]1C(=O)O,0.2788639,222
222,CC1(C)S[C@H]([C@H](NC(=O)Cc2ccccc2)C(=O)NCc2ccccc2)N[C@H]1C(=O)O,0.2784966,223
223,CC(=O)N[C@@H]1[C@@H](O)[C@H](O[C@@H]2O[C@H](CO)[C@@H](O)[C@H](O)[C@H]2NC(C)=O)[C@@H](CO)O[C@H]1O,0.27361083,224
224,COCCOC(=O)C1=C(C)NC(C)=C(C(=O)OC/C=C/c2ccccc2)C1c1cccc([N+](=O)[O-])c1,0.27167764,225
225,Nc1ncnc2c1ncn2[C@@H]1O[C@H](COP(=O)(O)OP(=O)(O)OP(=O)(O)OP(=O)(O)OP(=O)(O)OC[C@H]2O[C@@H](n3cnc4c(N)ncnc43)[C@H](O)[C@@H]2O)[C@@H](O)[C@H]1O,0.26894248,226
226,Nc1nc2c(c(=O)[nH]1)NC(CNc1ccc(C(=O)N[C@@H](CCC(=O)N[C@@H](CCC(=O)O)C(=O)O)C(=O)O)cc1)CN2,0.26887214,227
227,CC1(C)S[C@@H]2[C@H](NC(=O)C(C(=O)Oc3ccc4c(c3)CCC4)c3ccccc3)C(=O)N2[C@H]1C(=O)O,0.26143438,228
228,CC(Oc1ccccc1)C(=O)N[C@@H]1C(=O)N2[C@@H]1SC(C)(C)[C@@H]2C(=O)O,0.26127172,229
229,C/C=C/C[C@@H](C)[C@@H](O)[C@H]1C(=O)N[C@@H](CC)C(=O)N(C)CC(=O)N(C)[C@@H](CC(C)C)C(=O)N[C@@H](C(C)C)C(=O)N(C)[C@@H](CC(C)C)C(=O)N[C@@H](C)C(=O)N[C@H](C)C(=O)N(C)[C@@H](CC(C)C)C(=O)N(C)[C@@H](CC(C)C)C(=O)N(C)[C@@H](C(C)C)C(=O)N1C,0.26021588,230
230,Cc1nc(C(Cc2ccccc2)(Cc2ccc(NS(=O)(=O)O)cc2)c2noc(C)n2)no1,0.25834104,231
231,O=c1ccn([C@@H]2O[C@H](COP(=O)(O)OP(=O)(O)O[C@H]3O[C@H](CS(=O)(=O)O)[C@@H](O)[C@H](O)[C@H]3O)[C@@H](O)[C@H]2O)c(=O)[nH]1,0.25755435,232
232,CO[C@@H]1O[C@H](CO)[C@@H](O[C@@H]2O[C@H](CO)[C@H](O)[C@H](O)[C@H]2O)[C@H](O)[C@H]1O,0.25729626,233
233,Nc1ccn([C@@H]2O[C@H](COP(=O)(O)O[C@@]3(C(=O)O)C[C@@H](O)[C@@H](O)[C@@H]([C@H](O)CO)O3)[C@@H](O)[C@H]2O)c(=O)n1,0.25496966,234
234,C[C@H]1CCC/C=C/[C@@H]2C[C@H](O)C[C@H]2[C@H](O)/C=C/C(=O)O1,0.2540167,235
235,O=C(O[C@H]1[C@H](OC(=O)c2cccnc2)[C@@H](OC(=O)c2cccnc2)[C@H](OC(=O)c2cccnc2)[C@@H](OC(=O)c2cccnc2)[C@H]1OC(=O)c1cccnc1)c1cccnc1,0.25297707,236
236,C[C@@]1(CC(=O)O)/C2=C/c3[nH]c(c(CCC(=O)O)c3CC(=O)O)Cc3[nH]c(c(CC(=O)O)c3CCC(=O)O)Cc3[nH]c(c(CC(=O)O)c3CCC(=O)O)CC(=N2)[C@H]1CCC(=O)O,0.2529748,237
237,Nc1ncnc2c1ncn2[C@@H]1O[C@H](COP(=O)(O)OP(=O)(O)OC[C@H]2O[C@H](OP(=O)(O)O)[C@H](O)[C@@H]2O)[C@@H](O)[C@H]1O,0.25158024,238
238,N=C(N)c1ccc(CNC(=O)[C@@H]2CCN2C(=O)[C@H](NCC(=O)O)C2CCCCC2)cc1,0.2513218,239
239,CN[C@@H]1[C@@H](O)[C@@H](O[C@@H]2[C@@H](O)[C@H](O[C@H]3O[C@H](CN)CC[C@H]3N)[C@@H](N)C[C@H]2N)OC[C@]1(C)O,0.2489015,240
240,C=C(O[C@H]1C=CC=C(C(=O)[O-])[C@@H]1O)C(=O)[O-],0.24860431,241
241,C[C@](O)(CS(=O)(=O)c1ccc(F)cc1)C(=O)Nc1ccc(C#N)c(C(F)(F)F)c1,0.24782583,242
242,CN(C)C(=O)c1ccc(S(=O)(=O)c2ccc(NC(=O)[C@@](C)(O)C(F)(F)F)c(Cl)c2)cc1,0.24748704,243
243,O=C[C@H](O)[C@@H](O)[C@H](O[C@H]1O[C@H](CO)[C@@H](O[C@H]2O[C@H](CO)[C@@H](O[C@H]3O[C@H](CO)[C@@H](O)[C@H](O)[C@H]3O)[C@H](O)[C@H]2O)[C@H](O)[C@H]1O)[C@H](O)CO,0.24644384,244
244,CC(=O)N[C@H]1[C@H]([C@H](O)[C@H](O)CO)OC(C(=O)O)=C[C@@H]1O,0.2454142,245
245,N=c1c2ncn([C@@H]3O[C@H](COP(=O)(O)OP(=O)(O)OP(=O)(O)O)[C@@H](O)[C@H]3O)c2ncn1C1O[C@H](COP(=O)(O)O)[C@@H](O)[C@H]1O,0.24483651,246
246,CNC(=O)[C@H](Cc1ccccc1)NC(=O)[C@H](CC(C)C)[C@H](CSc1cccs1)C(=O)NO,0.2445802,247
247,C[n+]1cn([C@@H]2O[C@H](COP(=O)(O)OP(=O)(O)OP(=O)(O)O)[C@@H](O)[C@H]2O)c2nc(N)[nH]c(=O)c21,0.2435891,248
248,CC1(C)[C@H](C=C(Cl)Cl)[C@H]1C(=O)OCc1c(F)c(F)cc(F)c1F,0.24237338,249
249,CC(C)[C@H]1c2ccc(F)cc2CC[C@@]1(CCN(C)CCCc1nc2ccccc2[nH]1)OC(=O)C1CC1,0.24202967,250
250,CC1(C)S[C@@H]2[C@H](NC(=O)[C@H](N)c3ccccc3)C(=O)N2[C@H]1C(=O)OC1OC(=O)c2ccccc21,0.24166563,251
251,C#C[C@]1(O)CC[C@H]2[C@@H]3[C@H](C)CC4=C(CCC(=O)C4)[C@H]3CC[C@@]21C,0.24161395,252
252,C#C[C@]1(O)CC[C@H]2[C@@H]3CCC4=C[C@@H](O)CC[C@@H]4[C@H]3CC[C@@]21C,0.24151075,253
253,C[n+]1cn([C@@H]2O[C@H](COP(=O)(O)OP(=O)(O)OP(=O)(O)OC[C@H]3O[C@@H](n4cnc5c(N)ncnc54)[C@H](O)[C@@H]3O)[C@@H](O)[C@H]2O)c2nc(N)[nH]c(=O)c21,0.24119392,254
254,O=C(O)[C@@H]1O[C@@H](O)[C@H](OS(=O)(=O)O)[C@@H](O)[C@@H]1O,0.24092802,255
255,Nc1ncnc2c1ncn2[C@@H]1O[C@H](COP(=O)(O)OP(=O)(O)OP(O)(O)=S)[C@@H](O)[C@H]1O,0.24019513,256
256,CCC(=O)O[C@H]1CC[C@H]2[C@@H]3CC[C@H]4CC(=O)[C@H](C)C[C@]4(C)[C@H]3CC[C@]12C,0.23965113,257
257,CO[C@@]1(NC(=O)C(C(=O)O)c2ccsc2)C(=O)N2[C@@H](C(=O)O)C(C)(C)S[C@@H]21,0.23866382,258
258,CC1(C)S[C@@H]2[C@H](NC(=O)CCC[C@H](N)C(=O)O)C(=O)N2[C@H]1C(=O)O,0.23734099,259
259,CC(C)S[C@@H]1O[C@H](CO)[C@H](O)[C@H](O)[C@H]1O,0.23567194,260
260,NC[C@H]1O[C@H](O[C@H]2[C@H](O)[C@@H](O[C@H]3O[C@H](CO)[C@@H](O)[C@H](N)[C@H]3O)[C@H](N)C[C@@H]2N)[C@H](N)[C@@H](O)[C@@H]1O,0.23522715,261
261,CC/C=C\C=C\C=C\CCCCCCCCCC(=O)O,0.23434126,262
262,CCC(CC)[C@H](NC(C)=O)[C@@H]1[C@H](O)[C@@H](C(=O)O)C[C@H]1NC(=N)N,0.23388124,263
263,CCCCCCCCCCCCCCCC(=O)SC[C@H](N)C(=O)O,0.23372903,264
264,Nc1ncnc2c1ncn2[C@@H]1O[C@H](COP(=O)(O)OP(=O)(O)OC[C@H]2OC(O)[C@H](O)[C@@H]2O)[C@@H](O)[C@H]1O,0.23117769,265
265,C[C@]12CC[C@H]3[C@@H](CCC4=CC(=O)CC[C@@]43C)[C@@H]1CC[C@@H]2OC(=O)CCC1CCCC1,0.23081268,266
266,CCCCCCCC/C=C\CCCCCCCC(=O)O[C@H](COC(=O)CCCCCCCCCCCCCCC)COP(=O)(O)OCC(O)CO,0.22969598,267
267,CC(=O)N[C@H]1C(=O)O[C@H](CO)[C@@H](O)[C@@H]1O,0.22843528,268
268,C[C@@]1(CC(=O)O)c2cc3[nH]c(cc4nc(cc5[nH]c(cc(n2)[C@H]1CCC(=O)O)[C@@](C)(CC(=O)O)[C@@H]5CCC(=O)O)C(CC(=O)O)=C4CCC(=O)O)c(CCC(=O)O)c3CC(=O)O,0.22758421,269
269,O=c1ccn([C@@H]2O[C@H](COP(=O)(O)OP(=O)(O)OC3O[C@H](CO)[C@@H](O)[C@H](O)[C@H]3O)[C@@H](O)[C@H]2O)c(=O)[nH]1,0.22730166,270
270,O=c1ccn([C@@H]2O[C@H](COP(=O)(O)OP(=O)(O)OC3O[C@H](CO)[C@H](O)[C@H](O)[C@H]3O)[C@@H](O)[C@H]2O)c(=O)[nH]1,0.22668815,271
271,C/C1=C2/N=C(/C=C3\N=C(/C(C)=C4\N[C@@](C)([C@@H]5N=C1[C@](C)(CCC(=O)O)[C@H]5CC(=O)O)[C@@](C)(CC(=O)O)[C@@H]4CCC(=O)O)[C@@](C)(CC(=O)O)[C@@H]3CCC(=O)O)C(C)(C)[C@@H]2CCC(=O)O,0.2265085,272
272,NC[C@@H]1CC[C@@H](N)[C@@H](O[C@H]2[C@H](O)[C@@H](O[C@H]3O[C@H](CO)[C@@H](O)[C@H](N)[C@H]3O)[C@H](N)C[C@@H]2N)O1,0.22589359,273
273,Cc1ccc(O)c(O)c1CC[C@@H]1C(=O)CC[C@]2(C)C(=O)CC[C@@H]12,0.22540686,274
274,Cc1cc2c(cc1C(=O)CCC(=O)O)[C@@H](C(C)C)[C@H](C)C2(C)C,0.22534725,275
275,O=C(O)CCCCCNC(=O)CCCP(=O)(O)Oc1ccc([N+](=O)[O-])cc1,0.22529106,276
276,CN(CCCCC(=O)O)c1ccc(/C=C/c2ccc([N+](=O)[O-])cc2)cc1,0.22488528,277
277,Cc1cc(COc2ccc([C@]3(C)CCN([C@H](C)C(=O)NO)C3=O)cc2)c2ccccc2n1,0.22454473,278
278,C[C@@]1(CC(=O)O)/C2=C/c3[nH]c(c(CCC(=O)O)c3CC(=O)O)Cc3[nH]c(c(CC(=O)O)c3CCC(=O)O)/C=C3\N/C(=C\C(=N2)[C@H]1CCC(=O)O)[C@@](C)(CC(=O)O)[C@@H]3CCC(=O)O,0.22426358,279
279,Nc1ncnc2c1ncn2[C@@H]1O[C@H](COP(=O)(O)OP(=O)(O)CP(=O)(O)O)[C@@H](O)[C@H]1O,0.22277749,280
280,Nc1ncnc2c1ncn2[C@@H]1O[C@H](COP(=O)(O)OP(=O)(O)OP(=O)(O)OC[C@H]2O[C@@H](n3cnc4c(N)ncnc43)[C@H](O)[C@@H]2O)[C@@H](O)[C@H]1O,0.22241634,281
281,N[C@@H](CCSC[C@H]1O[C@@H](O)[C@H](O)[C@@H]1O)C(=O)O,0.22107242,282
282,COCc1c(C(C)C)nc(C(C)C)c(/C=C/[C@@H](O)C[C@@H](O)CC(=O)O)c1-c1ccc(F)cc1,0.22081175,283
283,Nc1ncnc2c1ncn2[C@@H]1O[C@H](COP(=O)(O)OP(=O)(O)OP(=O)(O)O)C[C@H]1O,0.22045583,284
284,O=[N+]([O-])c1ccc(O[C@@H]2O[C@H](CO)[C@H](O)[C@H](O)[C@H]2O)cc1,0.21896611,285
285,Nc1ccn([C@@H]2O[C@H](COP(=O)(O)OP(=O)(O)OC[C@@H](O)[C@@H](O)[C@@H](O)CO)[C@@H](O)[C@H]2O)c(=O)n1,0.21714291,286
286,Nc1ncnc2c1ncn2[C@@H]1O[C@H](COP(=O)(O)OC(=O)CCCC[C@@H]2SC[C@@H]3NC(=O)N[C@@H]32)[C@@H](O)[C@H]1O,0.21569216,287
287,O=C(O)[C@@]1(O)C[C@@H](O)[C@@H](O)[C@@H]([C@H](O)CO)O1,0.21512377,288
288,CCCCCCCC/C=C\CCCCCCCC(=O)OC[C@H](COP(=O)(O)OCC[N+](C)(C)C)OC(=O)CCCCCCC/C=C\CCCCCCCC,0.21253589,289
289,CCOCCC1(Oc2ccc(Oc3ccc(F)cc3)cc2)C(=O)NC(=O)NC1=O,0.21209285,290
290,CCCCCCCCCCCCCCCCCC(=O)OC[C@@H](COP(=O)(O)OCC[NH3+])OC(=O)CCCCCCCCCCCCCCCCC,0.21030465,291
291,N=C(N)NCCC[C@H](NCCC(=O)O)C(=O)O,0.2075879,292
292,CCC(=O)[C@@]1(C)CC[C@H]2[C@@H]3CCC4=CC(=O)CCC4=C3CC[C@@]21C,0.20735945,293
293,CC[C@H](C)C(=O)O[C@H]1CCC=C2C=C[C@H](C)[C@H](CC[C@@H]3C[C@@H](O)CC(=O)O3)[C@H]21,0.20428748,294
294,C=C1C[C@]23C[C@H]1CC[C@H]2[C@@]12CC[C@H](O)[C@@](C)(C(=O)O1)[C@H]2[C@@H]3C(=O)O,0.20279726,295
295,Cc1ncc(C[n+]2cccc(CCOP(=O)(O)OP(=O)(O)O)c2C)c(N)n1,0.20006713,296
296,C/C(=C\c1ccc(C(=O)O)cc1)c1ccc2c(c1)C(C)(C)CCC2(C)C,0.19987264,297
297,COc1ccc(-c2c(S(C)(=O)=O)ccc(C(=O)c3cnn(C(C)(C)C)c3O)c2C)cc1,0.19847396,298
298,Nc1nc2c(ncn2[C@@H]2O[C@H](COP(=O)(O)OP(=O)(O)NP(=O)(O)O)[C@@H](O)[C@H]2O)c(=O)[nH]1,0.19790828,299
299,CCN1C(=CC=CC=Cc2sc3ccccc3[n+]2CC)Sc2ccccc21,0.19752707,300
300,COCCOC[C@H](CC1(C(=O)N[C@H]2CC[C@@H](C(=O)O)CC2)CCCC1)C(=O)O,0.19620833,301
301,Nc1nc2c(ncn2[C@@H]2O[C@H](COP(=O)(O)OP(=O)(O)OP(O)(O)=S)[C@@H](O)[C@H]2O)c(=O)[nH]1,0.19548863,302
302,C[n+]1cn([C@@H]2O[C@H](COP(=O)(O)OP(=O)(O)OP(=O)(O)OC[C@H]3O[C@@H](n4cnc5c(=O)[nH]c(N)nc54)[C@H](O)[C@@H]3O)[C@@H](O)[C@H]2O)c2nc(N)[nH]c(=O)c21,0.19423583,303
303,OC[C@H]1O[C@@H](Oc2cc(O)cc(/C=C/c3ccc(O)c(O)c3)c2)[C@H](O)[C@@H](O)[C@@H]1O,0.19396341,304
304,O=C1CN(/N=C/c2ccc([N+](=O)[O-])o2)C(=O)N1,0.19147183,305
305,CC(=O)N[C@H]1[C@@H](OP(=O)(O)O)O[C@H](CO)[C@@H](O)[C@@H]1O,0.18867344,306
306,N=C(N)NCCC[C@H](NC(=O)CCC(=O)O)C(=O)O,0.1886115,307
307,Nc1nc2c(c(=O)[nH]1)N(C=O)C(CNc1ccc(C(=O)N[C@@H](CCC(=O)O)C(=O)O)cc1)CN2,0.1871106,308
308,C[C@H](c1nc(-c2ccc(S(C)(=O)=O)cc2)no1)[C@H](N)C(=O)N1CCCC1,0.1867787,309
309,C[C@]12CC[C@H]3[C@@H](CCC4=CC(=O)C=C[C@@]43C)[C@@H]1CC[C@@H]2O,0.18483078,310
310,CCC1=C(C)CN(C(=O)NCCc2ccc(S(=O)(=O)NC(=O)N[C@H]3CC[C@H](C)CC3)cc2)C1=O,0.18434533,311
311,CS(=O)(=O)c1cc(Cl)c(-c2cc(Cl)c(S(C)(=O)=O)cc2Cl)cc1Cl,0.18413714,312
312,CC(C)c1c(Cc2ccccc2)n(COCc2ccccc2)c(=O)[nH]c1=O,0.18365158,313
313,Cc1c(COC(=O)[C@@H]2[C@H](/C=C(\Cl)C(F)(F)F)C2(C)C)cccc1-c1ccccc1,0.18256909,314
314,O=c1[nH]c(=O)n(COCCO)cc1Cc1cccc(OCc2ccccc2)c1,0.18226384,315
315,OCCN1CCN(CC/C=C2/c3ccccc3Sc3ccc(C(F)(F)F)cc32)CC1,0.18141013,316
316,Nc1nc2c(ncn2[C@@H]2O[C@H](COP(=O)(O)OP(=O)(O)CP(=O)(O)O)[C@@H](O)[C@H]2O)c(=O)[nH]1,0.17850691,317
317,OC[C@H]1O[C@@H](O[C@@H]2[C@H](O)[C@@H](O)[C@H](O)O[C@@H]2CO)[C@H](O)[C@@H](O)[C@H]1O,0.17689025,318
318,CC[C@H]1CN2CCc3cc(OC)c(OC)cc3[C@@H]2C[C@@H]1C[C@H]1NCCc2cc(OC)c(OC)cc21,0.17684656,319
319,COC(=O)[C@@H](N)CCCNC(=N)N[N+](=O)[O-],0.17669025,320
320,O=C(O)CNC(=O)CCCC(=O)NCc1ccc([N+](=O)[O-])cc1,0.17641047,321
321,Oc1cc2c(cc1O)[C@@H]1c3ccc(O)c(O)c3OC[C@]1(O)C2,0.17617515,322
322,OC[C@H]1O[C@@H](O[C@@H]2[C@H](O)[C@@H](O)[C@H](O[C@@H]3[C@H](O)[C@@H](O)[C@H](O)O[C@@H]3CO)O[C@@H]2CO)[C@H](O)[C@@H](O)[C@H]1O,0.17608297,323
323,CN[C@@H]1[C@@H](O[C@H]2O[C@H](CO)[C@@H](N)[C@H](O)[C@H]2O)O[C@H]2C[C@@H](N)[C@@H](O[C@H]3[C@H](O)[C@@H](O)[C@H](N)C[C@@H]3N)O[C@@H]2[C@@H]1O,0.17600822,324
324,OC[C@H]1O[C@@H](O[C@H]2[C@H](O)[C@@H](O)C(O)O[C@@H]2CO)[C@H](O)[C@@H](O)[C@@H]1O,0.17493394,325
325,NC[C@H]1O[C@H](O[C@H]2[C@H](O)[C@@H](O)[C@H](N)C[C@@H]2N)[C@H](N)[C@@H](O)[C@@H]1O,0.17488271,326
326,Cc1nn(C)c(Oc2ccccc2)c1/C=N/OCc1ccc(C(=O)OC(C)(C)C)cc1,0.1747903,327
327,Nc1nc2c(c(=O)[nH]1)N(CO)[C@@H](CNc1ccc(C(=O)N[C@@H](CCC(=O)O)C(=O)O)cc1)C=N2,0.17467287,328
328,N=C(N)NCCC[C@@H](C(=O)O)N1CCC1=O,0.17456505,329
329,O=C1/C(=C/c2cc(Br)c(O)c(Br)c2O)Oc2cc(O)cc(O)c21,0.17402288,330
330,O=C(O)CNC(=O)CCCP(=O)(O)OCc1ccc([N+](=O)[O-])cc1,0.17393549,331
331,CCC1=C(C[C@H]2NCCc3cc(OC)c(OC)cc32)C[C@H]2c3cc(OC)c(OC)cc3CCN2C1,0.17292705,332
332,CCCCCCCC/C=C\CCCCCCCC(=O)NCCc1ccc(O)c(O)c1,0.17259046,333
333,CC(C)=CCC/C(C)=C\CC/C(C)=C\CO,0.17049901,334
334,CCCCCCCCCCCCCCCCCC(=O)O[Al](O)O,0.16978921,335
335,N[C@H]1C(C(=O)O)=CC=C[C@@H]1O,0.16968945,336
336,CCCC[C@@H](C=O)NC(=O)[C@H](CC(C)C)NC(=O)[C@H](CC(C)C)NC(C)=O,0.1684724,337
337,COc1ccc(CCCOC(Cn2ccnc2)c2ccc(OC)cc2)cc1,0.16807291,338
338,C[C@@]1(CO)OP(=O)(O)OP(=O)(O)OC[C@H]1O,0.16731213,339
339,CCCC(=O)Nc1ncnc2c1ncn2[C@@H]1O[C@@H]2COP(=O)(O)O[C@H]2[C@H]1OC(=O)CCC,0.16606744,340
340,CN1CCc2cc3c(cc2[C@H]1[C@@H]1OC(=O)c2c1ccc1c2OCO1)OCO3,0.16592753,341
341,COc1ccc(C[C@H](N)C(=O)N[C@H]2[C@@H](O)[C@H](n3cnc4c(N(C)C)ncnc43)O[C@@H]2CO)cc1,0.16492078,342
342,Cc1[nH]c(Cc2[nH]cc(CCC(=O)O)c2CC(=O)O)c(CCC(=O)O)c1CC(=O)O,0.1639904,343
343,OC[C@H]1O[C@@H](O[C@H]2[C@H](O)[C@@H](O)[C@H](O[C@H]3[C@H](O)[C@@H](O)[C@H](O)O[C@@H]3CO)O[C@@H]2CO)[C@H](O)[C@@H](O)[C@@H]1O,0.16223702,344
344,C=N[C@@H](C(=O)N[C@@H]1C(=O)N2[C@@H]1SC(C)(C)[C@@H]2C(=O)O)c1ccccc1,0.16172205,345
345,O=C(NCNC(=O)NC1C(=O)NC(=O)N1CO)NC1C(=O)NC(=O)N1CO,0.16134766,346
346,Cc1cnc(CNC(=O)c2c(=O)c3ccc(N4CCCN(C)CC4)nc3n3c2sc2ccccc23)cn1,0.1604679,347
347,OC[C@H]1O[C@H](O[C@H]2[C@H](O)[C@@H](O)[C@@H](O[C@H]3[C@H](O)[C@@H](O)[C@@H](O)O[C@@H]3CO)O[C@@H]2CO)[C@H](O)[C@@H](O)[C@@H]1O,0.15956342,348
348,Oc1cc(O)c2c(c1)O[C@H](c1ccc(O)c(O)c1)[C@@H](O)[C@H]2O,0.15868697,349
349,Cc1ncc(COP(=O)(O)O)c(/C=N/CCCC[C@H](N)C(=O)O)c1O,0.15768868,350
350,C[C@@H]1c2cc(O)ccc2O[C@@H](c2ccc(OCCN3CCCC3)cc2)[C@H]1c1ccc(O)cc1,0.15712042,351
351,CC(C)n1c(/C=C/C(O)CC(O)CC(=O)O)c(-c2ccc(F)cc2)c2ccccc21,0.15691647,352
352,CC(C)C[C@H](N[C@@H](Cc1cncn1Cc1cc(Cl)cc(Cl)c1)C(=O)O)C(=O)O,0.15407842,353
353,NC(=O)CCCCC(S)CCSC(=O)CCC(=O)O,0.1532411,354
354,N[C@@H](Cc1cc(/N=C/Cc2ccccc2)c(O)cc1O)C(=O)O,0.15181494,355
355,N=C(CNC=O)NC1O[C@H](COP(=O)(O)O)[C@@H](O)[C@H]1O,0.15098959,356
356,CCOC(=O)N1c2ccc(C(F)(F)F)cc2[C@@H](N(Cc2cc(C(F)(F)F)cc(C(F)(F)F)c2)C(=O)OC)C[C@H]1CC,0.15036687,357
357,C[C@@H]1CC2=CC(=O)CC[C@@H]2[C@H]2CC[C@@]3(C)[C@@H](CC[C@]3(C)O)[C@@H]21,0.14914945,358
358,O=S(=O)(O)O[C@@H]1[C@@H](O)[C@H](O)O[C@H](CO)[C@@H]1O,0.14887387,359
359,C=C(C)[C@@H]1CC=C(CO)CC1,0.14873952,360
360,C#CCCCn1c(Cc2cc(OC)c(OC)c(OC)c2Cl)nc2c(N)nc(F)nc21,0.14614329,361
361,CC1=C(CCC(=O)O)c2cc3[nH]c(cc4nc(cc5[nH]c(cc1n2)c(C)c5C(C)O)C(C)=C4C(C)O)c(C)c3CCC(=O)O,0.14499897,362
362,O=C(O)CCCCN(Cc1ccc([N+](=O)[O-])cc1)CP(=O)(O)O,0.14489704,363
363,C=C(O[C@@H]1CC(C(=O)O)=C[C@@H](OP(=O)(O)O)[C@H]1O)C(=O)O,0.1439133,364
364,N#CC(=C(/N)Sc1ccccc1N)/C(C#N)=C(\N)Sc1ccccc1N,0.14315264,365
365,COc1cc(C(C)=O)cc(OC)c1O,0.14290299,366
366,NC(=O)[C@@H]1Cc2ccccc2CN1C(=O)C[C@H](N)Cc1ccccc1F,0.14186013,367
367,O=P(O)(O)O[C@@H]1[C@@H](O)[C@H](O)[C@H](O)[C@H](O)[C@H]1OP(=O)(O)O,0.14123777,368
368,CCCCCCCCOCCOCCOCCOCCO,0.14100347,369
369,OC[C@H]1O[C@H](OC[C@H]2OC(O)[C@H](O)[C@@H](O)[C@@H]2O)[C@H](O)[C@@H](O)[C@@H]1O,0.14013195,370
370,CN1c2c(nc(N)[nH]c2=O)NCC1CNc1ccc(C(=O)N[C@@H](CCC(=O)O)C(=O)O)cc1,0.1395365,371
371,CCCC[C@H](NC(=O)CCC(=O)O)[P@@](=O)(O)Oc1ccccc1,0.13950795,372
372,OC[C@H]1O[C@H](OC[C@H]2OC(O)[C@H](O)[C@@H](O)[C@@H]2O)[C@H](O)[C@@H](O)[C@H]1O,0.13916394,373
373,C[C@H](N)[C@H](N)CCCCCC(=O)O,0.13879648,374
374,O=C(NC(=O)c1c(F)cccc1F)Nc1ccc(Cl)c(Oc2ncc(C(F)(F)F)cc2Cl)c1,0.1387123,375
375,COC(=O)[C@@]1(O)C[C@H]2O[C@]1(C)n1c3ccccc3c3c4c(c5c6ccccc6n2c5c31)C(=O)NC4,0.13623494,376
376,Nc1ncnc2c1ncn2[C@@H]1O[C@H](COP(=O)(O)CP(=O)(O)OP(=O)(O)O)[C@@H](O)[C@H]1O,0.13581827,377
377,Nc1nc2c(c(=O)[nH]1)[N+]1=CN(c3ccc(C(=O)N[C@@H](CCC(=O)O)C(=O)O)cc3)C[C@H]1CN2,0.13533995,378
378,OC[C@H]1O[C@@H](S)[C@H](O)[C@@H](O)[C@@H]1O,0.13513178,379
379,CC(/C=C/C(=O)NO)=C\[C@@H](C)C(=O)c1ccc(N(C)C)cc1,0.13452677,380
380,O=C(/C=C/c1ccc(O)cc1)OC[C@H]1O[C@@H](Oc2cc3c(O)cc(O)cc3[o+]c2-c2ccc(O)c(O)c2)[C@H](O)[C@@H](O)[C@@H]1O,0.1343628,381
381,CN1c2c(nc(N)[nH]c2=O)NC[C@@H]1CNc1ccc(C(=O)N[C@@H](CCC(=O)O)C(=O)O)cc1,0.1341048,382
382,OC[C@H]1O[C@H](O)[C@@H](F)[C@@H](O)[C@@H]1O,0.13388763,383
383,Nc1c(C(=O)c2cccc(OC[C@@H](O)CO)c2)cnn1-c1ccc(F)cc1,0.13374333,384
384,N[C@H]1[C@@H](OP(=O)(O)O)O[C@H](CO)[C@@H](O)[C@@H]1O,0.1314084,385
385,O=[N+]([O-])c1c(Cl)cccc1-c1c[nH]cc1Cl,0.13116801,386
386,O=C(O)c1ccccc1NCC(=O)[C@H](O)[C@H](O)COP(=O)(O)O,0.1309641,387
387,C[C@@]1(c2ccc(Oc3ccccc3)cc2)OC(=O)N(Nc2ccccc2)C1=O,0.13066486,388
388,OC[C@H]1O[C@@H](O)[C@H](F)[C@@H](O)[C@H]1O,0.1302079,389
389,Oc1cccc(-c2ccccc2Cl)c1O,0.13013852,390
390,COC(=O)c1ccccc1S(=O)(=O)NC(=O)N(C)c1nc(C)nc(OC)n1,0.12964016,391
391,Oc1cccc(-c2ccccc2)c1O,0.128602,392
392,OC[C@H]1O[C@H](O)[C@H](F)[C@@H](O)[C@@H]1O,0.12772658,393
393,OC[C@H]1O[C@@H](O)[C@@H](F)[C@@H](O)[C@@H]1O,0.12748201,394
394,OC[C@H]1O[C@@H](OC[C@H]2OC(O)[C@H](O)[C@@H](O)[C@@H]2O)[C@H](O)[C@@H](O)[C@H]1O,0.12735176,395
395,Nc1cc2ccccc2c2ccccc12,0.12697971,396
396,CC1(C)[C@H]2CC(=O)[C@]1(C)C[C@H]2O,0.126905,397
397,Oc1ccc([As+](c2ccccc2)(c2ccccc2)c2ccccc2)cc1O,0.12632379,398
398,Cc1ncc(C[n+]2csc(CCOP(=O)(O)OP(=O)([O-])O)c2C)c(N)n1,0.12554254,399
399,O=C1O[C@H]([C@@H](O)CO)C(=O)[C@@H]1O,0.1251949,400
400,CC[C@]1(O)CC[C@H]2[C@@H]3CCC4=CCCC[C@@H]4[C@H]3CC[C@@]21C,0.1234231,401
401,N[C@H]1C[C@@H](N2CCn3c(nnc3C(F)(F)F)C2)CC[C@@H]1c1cc(F)c(F)cc1F,0.1233636,402
402,Nc1nc2c(c(=O)[nH]1)N[C@@H](CNc1ccc(C(=O)N[C@@H](CCC(=O)O)C(=O)O)cc1)CN2,0.12223415,403
403,CCCCCCCCCCCC[N+](C)(C)CCCS(=O)(=O)O,0.122075915,404
404,COS(=O)(=O)[O-].COc1cc(N)cn[n+]1-c1ccccc1,0.121661566,405
405,CCC/C=C\C=C\CCCCCCCCCO,0.1208674,406
406,CN1[C@@H](CC(=O)c2ccccc2)CCC[C@H]1C[C@H](O)c1ccccc1,0.11986421,407
407,N#Cc1ccc(Cn2cncc2CN2CCN(c3cccc(Cl)c3)C(=O)C2)cc1,0.11908291,408
408,CC(C)NC[C@H](O)COc1ccc(CC(N)=O)cc1,0.11710849,409
409,CCC(=O)c1ccc2c(c1)N(CCCN1CCN(CCO)CC1)c1ccccc1S2,0.11703384,410
410,NCc1ccc(-c2cccnc2)o1,0.11631398,411
411,C[C@@H](O)[C@H]1C(=O)N2C(C(=O)[O-])=C(SC3Cn4cnc[n+]4C3)[C@H](C)[C@H]12,0.114363305,412
412,C[C@@H](NC(=O)CCCP(=O)(O)Oc1ccc([N+](=O)[O-])cc1)C(=O)O,0.11386632,413
413,COCCCC/C(=N\OCCN)c1ccc(C(F)(F)F)cc1,0.112089485,414
414,C[C@@H](N[C@@H](NCC(O)O)Nc1ccc(CN)cc1)c1ccccc1,0.10990305,415
415,N[C@H]1CC(=O)NC1=O,0.10981119,416
416,O=P(O)(O)OC1(CO)O[C@H](CO)[C@@H](O)[C@@H]1O,0.10887897,417
417,CC(=O)N[C@@H]1[C@@H](O)[C@H](O)[C@@H](CO)O[C@@H]1O,0.10839652,418
418,CN1CCN(c2ccc(-c3cnc4[nH]cc(NC(=O)c5cccnc5)c4c3)cc2)CC1,0.1080433,419
419,O=C(O)CC[C@H](NC(=O)c1ccc(S(=O)(=O)N2CCC[C@@H]2C(=O)O)cc1)C(=O)O,0.107453614,420
420,CC(C)[C@@H]1NC(=O)[C@H](C)OC(=O)[C@@H](C(C)C)NC(=O)[C@@H](C(C)C)OC(=O)[C@H](C(C)C)NC(=O)[C@H](C)OC(=O)[C@@H](C(C)C)NC(=O)[C@@H](C(C)C)OC(=O)[C@H](C(C)C)NC(=O)[C@H](C)OC(=O)[C@@H](C(C)C)NC(=O)[C@@H](C(C)C)OC1=O,0.10681469,421
421,CN1CC[C@H](c2c(O)cc(O)c3c(=O)cc(-c4ccccc4Cl)oc23)[C@H](O)C1,0.10623122,422
422,N#Cc1c[nH]c2nc(N)[nH]c(=O)c12,0.10450407,423
423,CCCn1c(C2CCN(C)CC2)nc(-c2ccc(Cl)c(Cl)c2)c1-c1ccnc(NC2CC2)n1,0.10088499,424
424,Oc1ccc2c(O)cccc2c1,0.09706119,425
425,CN1CN([C@@H]2O[C@H](COP(=O)(O)OP(=O)(O)O)[C@@H](O)[C@H]2O)c2nc(N)[nH]c(=O)c21,0.09572776,426
426,NC(=O)CCCC[C@@H](S)CCS,0.09498195,427
427,COc1cc2c(c(OC)c1OC)-c1ccc(OC)c(=O)cc1[C@@H](NC(C)=O)CC2,0.094750665,428
428,N=C(NCCC[C@H](N)C(=O)O)N[N+](=O)[O-],0.093292385,429
429,O=P(O)(O)OC[C@@H](O)[C@H]1O[C@H](O)[C@@H](O)[C@@H](O)[C@@H]1O,0.092206836,430
430,CS(=O)(=O)c1ccc([C@@H](O)[C@@H](CO)NC(=O)C(Cl)Cl)cc1,0.09196523,431
431,Oc1ccc2c(c1)CC[C@H](c1ccccc1)[C@@H]2c1ccc(OCCN2CCCC2)cc1,0.09113582,432
432,COCCn1c2c([n+](Cc3cnccn3)c1C)C(=O)c1ccccc1C2=O,0.08973967,433
433,N[C@@H]1[C@H]2CN(c3nc4c(cc3F)c(=O)c(C(=O)O)cn4-c3ccc(F)cc3F)C[C@@H]12,0.08881308,434
434,O=C(O)C1=C[C@H](O)[C@@H](O)[C@H](O)O1,0.08868648,435
435,CO[C@@H]1O[C@H](CO)[C@H](O)[C@H](O)[C@H]1O,0.08844586,436
436,COC(=O)C1=CO[C@@H](C)[C@H]2CN3CCc4c([nH]c5ccccc45)[C@@H]3C[C@H]12,0.087990135,437
437,CN1C(C(=O)Nc2ccccn2)=C(O)c2sccc2S1(=O)=O,0.08650154,438
438,CCN(CC)C(=O)[C@@H]1C=C2c3cccc4[nH]cc(c34)C[C@H]2N(C)C1,0.08583603,439
439,CC(/C=C1\SC(=S)N(CC(=O)O)C1=O)=C\c1ccccc1,0.08573621,440
440,O=C(O)CCCC[C@@H](S)CCS,0.08532046,441
441,CO[C@H]1O[C@H](CO)[C@@H](O)[C@H](O)[C@@H]1O,0.08464891,442
442,C[C@H]1O[C@@H](Oc2ccccc2[N+](=O)[O-])[C@H](O)[C@@H](O)[C@H]1O,0.084383905,443
443,O=CNC(Cc1ccc(O)c(-c2cc(CC(NC=O)C(=O)O)ccc2O)c1)C(=O)O,0.08370767,444
444,O=C(O)[C@H]1O[C@H](O)[C@@H](O)[C@@H](O)[C@@H]1O,0.083419286,445
445,O=C(Nc1ccc2ccn(CCc3ccncc3)c2c1)c1cc(F)cc(N2CCOCC2)c1,0.08341006,446
446,OC[C@@H]1O[C@@](O)(CO)[C@H](O)[C@H]1O,0.08262208,447
447,CCCCCCCCCCCCCCCC(=O)OC[C@H](O)COP(=O)([O-])OC[C@@H](O)CO,0.08246884,448
448,Cc1cc(CCCCCOc2ccc(C3=NCCO3)cc2Cl)on1,0.08014223,449
449,O=C(O)[C@@H]1O[C@@H](O)[C@H](O)[C@@H](O)[C@@H]1O,0.07959293,450
450,Oc1cccc(-c2c(Cl)cccc2Cl)c1O,0.07947697,451
451,O=C(O)C1=CC(=O)[C@@H](O)[C@H](O)C1,0.07898629,452
452,O=C(O)[C@H]1O[C@@H](O)[C@H](O)[C@@H](O)[C@@H]1O,0.078912765,453
453,CO[C@H]1O[C@H](CO)[C@H](O)[C@H](O)[C@H]1O,0.07883257,454
454,CN(C)c1cccc2c(S(=O)(=O)NCCCC[C@H](N)C(=O)O)cccc12,0.07825959,455
455,O=C1C(O)=CC(=O)c2c(O)cc(O)cc21,0.07775906,456
456,C[N+](C)(C)[C@@H](CCc1nc(C[C@H](N)C(=O)O)c[nH]1)C(N)=O,0.0768283,457
457,CO/C=C(/C(=O)OC)c1ccccc1Oc1cc(Oc2ccccc2C#N)ncn1,0.07675305,458
458,O=C(CO)[C@@H](O)[C@H](O)[C@H](O)[C@H](O)COP(=O)(O)O,0.075266965,459
459,O=P(O)(O)OC[C@H]1O[C@H](O)[C@@H](O)[C@@H](O)[C@@H]1O,0.07455269,460
460,O=P(O)(O)OC[C@H]1O[C@H](O)[C@H](O)[C@@H](O)[C@@H]1O,0.0737985,461
461,O=C1C=CC(=O)N1CCC12C3C4C5C1[Fe]45321678C2C1C6C7C28,0.073569655,462
462,OC[C@]1(O)OC[C@H](O)[C@@H](O)[C@@H]1O,0.072368816,463
463,O=S(O)c1ccccc1-c1ccccc1O,0.07233494,464
464,CN[C@H]1CCc2cc(OC)c(OC)c(OC)c2-c2ccc(OC)c(=O)cc21,0.07208919,465
465,O=C1O[C@H](CO)[C@H](O)[C@H](O)[C@H]1O,0.070872225,466
466,CS(=O)(=O)c1ccc(C2=C(c3ccccc3)C(=O)OC2)cc1,0.06998878,467
467,CCCCCCCCCCCCCCC(O)C=O,0.06942297,468
468,Cc1nnc([C@@H]2O[C@H](CO)[C@@H](O)[C@H](O)[C@H]2O)o1,0.06882237,469
469,O=C1OCc2c(Cl)c(Cl)c(Cl)c(Cl)c21,0.06874386,470
470,N=C(NCCC[C@H](N)C(=O)O)NC(CC(=O)O)C(=O)O,0.06829789,471
471,O=P(O)(O)OC[C@H]1O[C@@H](O)[C@H](O)[C@@H](O)[C@H]1O,0.06799214,472
472,N[C@@H]1CCOC1=O,0.067978166,473
473,NS(=O)(=O)c1cc(F)cc(F)c1,0.06766326,474
474,CN[C@@H]1C[C@H]2O[C@@](C)([C@@H]1OC)n1c3ccccc3c3c4c(c5c6ccccc6n2c5c31)C(=O)NC4,0.06756611,475
475,COP(=S)(OC)Oc1ccc(S(=O)(=O)N(C)C)cc1,0.06735711,476
476,Clc1cc(Cl)cc(Cl)c1,0.06708453,477
477,O=P(O)(O)OC1O[C@H](CO)[C@@H](O)[C@H](O)[C@H]1O,0.06703373,478
478,Nc1ncnc2c1ncn2[C@@H]1O[C@H](COP(=O)(O)CP(=O)(O)O)[C@@H](O)[C@H]1O,0.06697817,479
479,OC[C@H](O)[C@H]1O[C@H](O)[C@@H](O)[C@@H](O)[C@@H]1O,0.06683858,480
480,O=C(O)CCCCP(=O)([O-])Oc1ccc([N+](=O)[O-])cc1,0.06670677,481
481,O=C(COP(=O)(O)O)[C@@H](O)[C@H](O)[C@H](O)COP(=O)(O)O,0.0646477,482
482,O=C(COP(=O)(O)O)[C@@H](O)[C@@H](O)[C@H](O)COP(=O)(O)O,0.06427893,483
483,C[C@@]1(O)OC[C@H](O)C1(O)O,0.06424107,484
484,O=CNCC(=O)NC1O[C@H](COP(=O)(O)O)[C@@H](O)[C@H]1O,0.06302646,485
485,O=C1N[C@@H](Cc2cnc[nH]2)C(=O)N2CCC[C@@H]12,0.061714076,486
486,Cc1cn([C@@]23C[C@H](O)[C@@H](CO)[C@@H]2C3)c(=O)[nH]c1=O,0.06114674,487
487,O=C(O)CNC(=O)CCCP(=O)(O)Oc1ccc([N+](=O)[O-])cc1,0.060903527,488
488,CCCCCCCCCC(=O)CC(=O)N[C@H]1CCOC1=O,0.060774907,489
489,Nc1ccc(S(N)(=O)=O)cc1[Hg],0.060023546,490
490,NS(=O)(=O)c1c(F)cccc1F,0.059498213,491
491,NC(=[NH2+])NCCC[C@H](N)C(N)=O,0.05722559,492
492,C=CCc1ccccc1O,0.057116657,493
493,CC1(c2ccc(Oc3ccccc3)cc2)C(=O)NC(=O)NC1=O,0.055358943,494
494,O=C[C@H](F)[C@@H](O)[C@H](O)[C@H](O)CO,0.05492005,495
495,O=C[C@H]([18F])[C@@H](O)[C@H](O)[C@H](O)CO,0.05492005,496
496,Oc1cccc2cccnc12,0.05414572,497
497,O=C(O)c1ccccc1N[C@@H]1O[C@H](COP(=O)(O)O)[C@@H](O)[C@H]1O,0.054120857,498
498,COc1ccc(C[C@H]2NC[C@H](O)[C@H]2OC(C)=O)cc1,0.05371999,499
499,CNC(=O)CC[C@H](N)C(=O)O,0.053714752,500
500,O=C(O)CCCCCCCCCCCBr,0.053142957,501
501,CC1(C)C(=O)[C@]2(C)CC[C@H]1C2,0.052782886,502
502,Nc1nc(O)c2nc(CNc3ccc(C(=O)O)cc3)cnc2[nH+]1,0.05162143,503
503,OCc1c(F)c(F)c(F)c(F)c1F,0.050607614,504
504,CC[C@@]1(C(=O)N[C@H](C)c2ccc(Cl)cc2)[C@@H](C)C1(Cl)Cl,0.05037167,505
505,N[C@H](C(=O)O)[C@H](O)c1ccc(O)c(O)c1,0.049137533,506
506,O[C@@H]1CSSC[C@H]1O,0.04835779,507
507,CCCCCNC(=N)N/N=C/c1c[nH]c2ccc(OC)cc12,0.048232682,508
508,O=c1c2c(O)cccc2oc2c([N+](=O)[O-])ccc(O)c12,0.04698805,509
509,O=C(O)c1ccc2cc(C(=O)O)ccc2c1,0.046355546,510
510,N[C@@H](CCC(=O)NO)C(=O)O,0.045833565,511
511,O=C([O-])C(=O)[C@@H](O)[C@H](O)[C@H](O)CO,0.04540701,512
512,Nc1c(N[C@@H]2O[C@H](COP(=O)(O)O)[C@@H](O)[C@H]2O)[nH]c(=O)[nH]c1=O,0.0439659,513
513,N[Pt]1(N)OCC(=O)O1,0.0437326,514
514,O=P1(O)OC[C@H]2O[C@@H](n3cnc4c(O)ncnc43)[C@H](O)[C@@H]2O1,0.043643475,515
515,N[C@@H](CC1=CC(=O)C(O)=CC1=O)C(=O)O,0.043308113,516
516,O=C(O)C(=O)[C@@H](O)[C@H](O)[C@H](O)COP(=O)(O)O,0.042763665,517
517,CC(O)c1ccc(O)cc1,0.042610355,518
518,O=C(O)c1ccc(-c2c3cc(F)c(=O)cc-3oc3cc(O)c(F)cc23)c(C(=O)O)c1,0.042143323,519
519,O=C[C@@H](O)[C@H](O)[C@@H](O)[C@@H](O)CO,0.041317865,520
520,FC(F)(F)C(F)(F)C(F)(F)C(F)(F)C(F)(F)C(F)(F)C(F)(F)C(F)(F)Br,0.040825814,521
521,CCC(=O)O[C@](Cc1ccccc1)(c1ccccc1)[C@H](C)CN(C)C,0.0399541,522
522,O[C@@H]1c2ccccc2C=C[C@@H]1O,0.039669484,523
523,CC1(C)[C@H](C(=O)O)N2C(=O)C[C@H]2S1(=O)=O,0.039618284,524
524,COC(=O)[C@H]1[C@@H](OP(=O)(O)c2ccccc2)C[C@@H]2CC[C@H]1N2C,0.039549958,525
525,CC(=O)N[C@H](Cc1c[nH]c2ccccc12)C(=O)O,0.039010838,526
526,Oc1ccc2ccccc2n1,0.03765655,527
527,O=C(O)CC[C@H](C(=O)O)[C@@H](O)C(=O)O,0.036590584,528
528,O=C1O[C@@H](CO)[C@@H](O)[C@@H]1O,0.03612981,529
529,O=C1O[C@H](CO)C(O)=C1O,0.0353601,530
530,Cc1cccc2c1CCNC2=O,0.03460193,531
531,CCC(=O)O[C@@](Cc1ccccc1)(c1ccccc1)[C@@H](C)CN(C)C,0.032506377,532
532,O=C[C@H](O)[C@@H](O)[C@H](O)[C@H](O)COP(=O)(O)O,0.032190405,533
533,COc1ccc2nc3cc(Cl)ccc3c(NC(C)CCCN(CCCl)CCCl)c2c1,0.032069866,534
534,OC[C@H]1O[C@@H]2O[C@H]3[C@H](O)[C@@H](O)[C@@H](O[C@H]4[C@H](O)[C@@H](O)[C@@H](O[C@H]5[C@H](O)[C@@H](O)[C@@H](O[C@H]6[C@H](O)[C@@H](O)[C@@H](O[C@H]7[C@H](O)[C@@H](O)[C@@H](O[C@H]1[C@H](O)[C@H]2O)O[C@@H]7CO)O[C@@H]6CO)O[C@@H]5CO)O[C@@H]4CO)O[C@@H]3CO,0.03161321,535
535,CN(C)c1ccc2nc3ccc(N(C)C)cc3[s+]c2c1,0.031546358,536
536,OC[C@H]1O[C@@H]2O[C@H]3[C@H](O)[C@@H](O)[C@@H](O[C@H]4[C@H](O)[C@@H](O)[C@@H](O[C@H]5[C@H](O)[C@@H](O)[C@@H](O[C@H]6[C@H](O)[C@@H](O)[C@@H](O[C@H]7[C@H](O)[C@@H](O)[C@@H](O[C@H]8[C@H](O)[C@@H](O)[C@@H](O[C@H]1[C@H](O)[C@H]2O)O[C@@H]8CO)O[C@@H]7CO)O[C@@H]6CO)O[C@@H]5CO)O[C@@H]4CO)O[C@@H]3CO,0.031271975,537
537,O=C(CO)[C@@H](O)[C@@H](O)[C@H](O)COP(=O)(O)O,0.030499218,538
538,O=C(O)[C@@H](O)[C@@H](O)[C@H](O)[C@@H](O)CO,0.030275013,539
539,CCCCCCCCCCCCCCCCS(=O)(=O)F,0.030242022,540
540,Nc1ncnc2c1ncn2[C@@H]1O[C@H](C[C@@H](N)CC[C@H](N)C(=O)O)[C@@H](O)[C@H]1O,0.029286372,541
541,CC1=C(C)C(=O)C(C)=C(C)C1=O,0.02869793,542
542,Clc1ccc(CO/N=C(\Cn2ccnc2)c2ccc(Cl)cc2Cl)c(Cl)c1,0.0286168,543
543,O=C[C@@H](O)[C@@H](O)[C@H](O)[C@H](O)COP(=O)(O)O,0.028253349,544
544,N[C@H](C=O)Cc1ccc(O)cc1,0.028232828,545
545,CCOc1cc2ncc(C#N)c(Nc3ccc(F)c(Cl)c3)c2cc1NC(=O)/C=C/CN(C)C,0.027769707,546
546,CSc1cccc(Nc2ncc3cc(-c4c(Cl)cccc4Cl)c(=O)n(C)c3n2)c1,0.027743254,547
547,CCN1CCN(Cc2ccc(-c3cc4c(N[C@H](C)c5ccccc5)ncnc4[nH]3)cc2)CC1,0.027564485,548
548,NCCCn1cc(C2=C(c3c[nH]c4ccccc34)C(=O)NC2=O)c2ccccc21,0.02738395,549
549,Cc1c(CCCO)[nH]c(=O)[nH]c1=O,0.027322225,550
550,CC[Hg]Sc1ccccc1C(=O)O,0.026601594,551
551,COc1ccc(-c2ccc3c(N4CCOC[C@@H]4C)nc(N4CCOC[C@@H]4C)nc3n2)cc1CO,0.026393875,552
552,Cc1ccc(N)cc1C,0.024443936,553
553,COc1cc2c(Nc3ccc(Br)cc3F)ncnc2cc1OCC1CCN(C)CC1,0.024294483,554
554,O=C(CO)[C@H](O)[C@H](O)[C@H](O)CO,0.02428686,555
555,COc1cc(C(=O)[O-])ccc1O,0.024217196,556
556,O=C(O)[C@@H](O)[C@@H](O)[C@H](O)[C@@H](O)COP(=O)(O)O,0.023392389,557
557,OCc1ccc(Cl)cc1Cl,0.023001105,558
558,COC(=O)C(O)C(C(=O)O)C(C)C,0.02298288,559
559,CN1C(C(=O)Nc2ccccn2)=C(O)c2sc(Cl)cc2S1(=O)=O,0.022275666,560
560,O=CC[C@@H](O)[C@H](O)[C@H](O)COP(=O)(O)O,0.02205101,561
561,N[C@@H](Cc1ccc(O)c(F)c1)C(=O)O,0.021809008,562
562,Nc1nc2c(c(=O)[nH]1)N1CN(c3ccc(C(=O)N[C@@H](CCC(=O)O)C(=O)O)cc3)CC1CN2,0.021677924,563
563,OC[C@H]1OC(O)[C@H](O)[C@H](O)[C@@H]1O,0.02085961,564
564,O=C1C=C(O)C(=O)c2ccccc21,0.020739008,565
565,C#CCN(C)CC1=Cc2ccccc2Oc2ccccc21,0.01976487,566
566,O=C(CO)[C@@H](O)[C@H](O)[C@H](O)CO,0.019581417,567
567,COC(=O)C/C(=C\C(=O)O)C(=O)O,0.019342568,568
568,CC(C)[C@H](CO)Nc1nc(Nc2ccc(C(=O)O)c(Cl)c2)c2ncn(C(C)C)c2n1,0.018971646,569
569,O=P(O)(O)OCC(O)C(O)c1c[nH]c2ccccc12,0.018314235,570
570,Cc1c(CC(CO)CO)[nH]c(=O)[nH]c1=O,0.018170727,571
571,OC[C@H]1OC(O)[C@@H](O)[C@@H](O)[C@@H]1O,0.017551698,572
572,CN(C)c1ccc(/N=N/c2ccccc2C(=O)O)cc1,0.016986024,573
573,O=S(=O)(O)CCNC(CO)(CO)CO,0.016859867,574
574,C[C@@H]1COc2c(N3CCN(C)CC3)c(F)cc3c(=O)c(C(=O)O)cn1c23,0.015998535,575
575,C[C@]12C=CC3=C4CCC(=O)C=C4CC[C@H]3[C@@H]1CC[C@@H]2O,0.015677739,576
576,Nc1ccn([C@@H]2O[C@@H]3COP(=O)(O)O[C@H]3[C@H]2O)c(=O)n1,0.01567633,577
577,CC[C@]12CCCN3CCc4c(n(c5ccccc45)[C@@](O)(C(=O)OC)C1)[C@@H]32,0.015384167,578
578,O=C(O)CCCNC(=O)c1ccc([C@H]2CC[C@H](c3ccccc3)C[C@@H]2O)cc1,0.0152983405,579
579,CC#C[C@H]1CC[C@@H](CN)N1C(=O)[C@@H](N)C1CCCC1,0.015259468,580
580,NC1=NCCS1,0.014475146,581
581,O=C(O)CCCc1nc(-c2cccc([N+](=O)[O-])c2)no1,0.014466026,582
582,C[C@]12CC[C@H]3C(=CCc4cc(O)ccc43)[C@@H]1CCC2=O,0.013851423,583
583,CC1(C)[C@H]2CC[C@]1(C)C(=O)C2,0.013341801,584
584,N[C@@H](O)Cc1c[nH]c2ccccc12,0.013190158,585
585,O=C(CO)[C@@H](O)[C@@H](O)[C@H](O)CO,0.012290395,586
586,O=P(O)(O)OC[C@H]1O[C@@H](O)[C@H](O)[C@@H]1O,0.011049529,587
587,Cc1ccc(C)c(N)c1,0.010951065,588
588,O=C1CC(=O)N([C@@H]2O[C@H](COP(=O)(O)O)[C@@H](O)[C@H]2O)C(=O)N1,0.010292511,589
589,N=C(N)c1ccc2cccc(Nc3ncccn3)c2c1,0.010132249,590
590,COc1ccc(CCC(=O)O)cc1OC,0.008123143,591
591,O=P(O)(O)OC[C@H]1O[C@@H](O)[C@@H](O)[C@@H]1O,0.007883955,592
592,CCOCCOCCOCCOCCOCCOCC,0.0077149794,593
593,Nc1nc2c(c(=O)[nH]1)N1CN(c3ccc(C(=O)N[C@@H](CCC(=O)O)C(=O)O)cc3)C[C@H]1CN2,0.0074116057,594
594,Cc1ncc(COP(=O)(O)O)c(CN[C@H](C)C(=O)O)c1O,0.0068555437,595
595,C[C@H]1CCC[C@@]2(C)CCCC[C@]12O,0.0068340003,596
596,N[C@@H](CSCC(=O)O)C(=O)O,0.006509995,597
597,Cc1ncc(COP(=O)(O)O)c(CN[C@@H](C)C(=O)O)c1O,0.006393386,598
598,CC(C)NC[C@@H](O)COc1cccc2ccccc12,0.0060213916,599
599,COCCOCCOCCOCCOCCOC,0.005190065,600
600,Cc1nnc(-c2ccc(C)c(-c3ccc(C(=O)Nc4cccc(C#N)c4)cc3)c2)o1,0.004996553,601
601,O=C1NC(=O)[C@@]2(CCOc3ccc(F)cc32)N1,0.0049279965,602
602,c1ccc(-c2ccc(-c3ccc(-c4ccccc4)cc3)cc2)cc1,0.0029626703,603
603,C=C[C@H]1C[N@]2CC[C@H]1C[C@H]2[C@H](O)c1ccnc2ccccc12,0.002546357,604
604,N=C(N)NCCCC(N)=O,0.0013017086,605
605,O=C1Nc2cc(Br)ccc2/C1=C1/Nc2ccccc2/C1=N\O,-0.00033691898,606
606,N[C@H](CSSC[C@@H](N)C(=O)O)C(=O)O,-0.00049871206,607
607,Cc1ncc(COP(=O)(O)OP(=O)(O)O)c(N)n1,-0.0013277354,608
608,Nc1ncnc2c1ncn2[C@H]1C[C@@H]2OP(=O)(O)OC[C@H]2O1,-0.0018094182,609
609,N[C@H](CO)Cc1ccccc1,-0.0021996256,610
610,N[C@@H]1[C@@H](O)[C@@H](O)[C@@H](CO)O[C@H]1O,-0.0023204088,611
611,Cc1sc2c(c1C)C(c1ccc(Cl)cc1)=N[C@@H](CC(=O)OC(C)(C)C)c1nnc(C)n1-2,-0.0023257025,612
612,CCc1cc(-c2[nH]nc(C)c2-c2ccc3c(c2)OCCO3)c(O)cc1O,-0.0023864415,613
613,N#CC(N)CCC(=O)O,-0.0025377572,614
614,O=C(O)CCC(C(=O)O)C(=O)C(=O)O,-0.0029304363,615
615,Cc1ccc(C)c(OC[C@@H](O)CN2CCOCC2)c1,-0.0035614073,616
616,O=C(Cc1ccc(O)cc1)Nc1ncc(-c2ccc(O)cc2)nc1Cc1ccccc1,-0.0038222447,617
617,NC(=O)NC(NC(N)=O)C(=O)[O-],-0.004639941,618
618,Nc1ccc([C@@H](O)[C@@H](CO)NC(=O)C(Cl)Cl)cc1,-0.0056339763,619
619,O=C(O)CCCC(=O)Nc1ccc(CC[N+]2([O-])CCCCC2)cc1,-0.0059212074,620
620,COC(=O)/C(=C/C(=O)O)CC(=O)O,-0.0062509775,621
621,CC(=O)Oc1ccc2c3c1O[C@H]1[C@@H](OC(C)=O)C=C[C@H]4[C@@H](C2)N(C)CC[C@@]341,-0.0074534845,622
622,O=C(O)CCCc1cccs1,-0.008755922,623
623,C[S@@](=O)CCCCN=C=S,-0.008764179,624
624,Clc1ccc(Cn2c(CN3CCCC3)nc3ccccc32)cc1,-0.00930088,625
625,O=P(O)(O)OC[C@@H](O)[C@@H](O)[C@H](O)[C@@H](O)CO,-0.009598246,626
626,CCOCn1c(Cc2cc(C)cc(C)c2)c(C(C)C)c(=O)[nH]c1=O,-0.011135481,627
627,COc1ccc2c(C(=S)N(C)CC(=O)O)cccc2c1C(F)(F)F,-0.011315946,628
628,CC(C)[C@H]1CC[C@H](C(=O)N[C@H](Cc2ccccc2)C(=O)O)CC1,-0.01247781,629
629,CC(C)(C)NC[C@H](O)COc1nsnc1N1CCOCC1,-0.012681495,630
630,CCC(CC)Nc1cc(C(=O)O)ccc1N1C(=O)CCC1(CO)CO,-0.013216147,631
631,Nc1cccc2cc(S(=O)(=O)O)ccc12,-0.01339356,632
632,NCC(=O)NC1O[C@H](COP(=O)(O)O)[C@@H](O)[C@H]1O,-0.013497402,633
633,CCCCOc1ccc(CC(=O)NO)cc1,-0.01431353,634
634,CCCC[SnH](CCCC)CCCC,-0.015701033,635
635,C[S@](=O)CC[C@H](N)C(=O)O,-0.015960883,636
636,Nc1ncnc2c1ncn2[C@@H]1O[C@H](CO)[C@H]2OP(=O)(O)O[C@H]21,-0.016899796,637
637,C[C@H](C(=O)O)[C@@](O)(CC(=O)O)C(=O)O,-0.017313588,638
638,NC1(P(=O)([O-])O)CC1,-0.018035209,639
639,CCCCCCCCCCCCCCCCS(=O)(=O)O,-0.018781671,640
640,NS(=O)(=O)c1ccc(C(=O)NCc2ccccc2)cc1,-0.018789507,641
641,O=C([O-])CCCCCNC(=O)Cc1ccc(O)c([N+](=O)[O-])c1,-0.019523367,642
642,N[C@@H](CC(C(=O)O)C(=O)O)C(=O)O,-0.021125859,643
643,CCCCCCCCCC(=O)CC(=O)N[C@H]1CCNC1=O,-0.021701902,644
644,O=C(O)C1=CCCNC1,-0.021726355,645
645,O=C([O-])C(=O)C[C@H](O)[C@@H](O)C(=O)[O-],-0.022003356,646
646,N[C@@H](CCCCC(=O)O)C(=O)O,-0.022447184,647
647,Nc1nc(N)c2nc(CNc3ccc(C(=O)N[C@@H](CCC(=O)O)C(=O)O)cc3)cnc2n1,-0.022874676,648
648,O=C[C@H](O)[C@H](O)[C@H](O)COP(=O)(O)O,-0.025200043,649
649,Cc1nc([C@H](C)N)n(CC(=O)O)c1O,-0.025200263,650
650,C[C@H](N)C(=O)c1ccccc1,-0.026384685,651
651,C[C@@H](O)c1ccccc1,-0.026804002,652
652,C[C@@H](Oc1ccc(Oc2ccc(Cl)cc2Cl)cc1)C(=O)O,-0.027341321,653
653,Cn1c(=O)c2[nH]cnc2n(C)c1=O.Cn1c(=O)c2[nH]cnc2n(C)c1=O.NCCN,-0.027455948,654
654,O=C(O)c1ccc([Hg]O)cc1,-0.027873142,655
655,CC(/C=N/NC(=N)N)=N\NC(=N)N,-0.028161108,656
656,Nc1ccc([As](=O)(O)O)cc1,-0.028167957,657
657,CCNC(=O)c1n[nH]c(-c2cc(Cl)c(O)cc2O)c1-c1ccc(OC)cc1,-0.028538607,658
658,C[S@@](=O)CC[C@H](N)C(=O)O,-0.028612081,659
659,CC[C@H](CO)Nc1nc(NCc2ccccc2)c2ncn(C(C)C)c2n1,-0.029103246,660
660,NC(=O)[C@@H](N)Cc1c[nH]c2ccccc12,-0.029615257,661
661,N#Cc1ccc(N/C(=N\CC(=O)O)NC(c2ccccc2)c2ccccc2)cc1,-0.0297052,662
662,O=CN[C@@H](Cc1ccc(O)cc1)C(=O)O,-0.029826747,663
663,O=S(=O)(O)c1ccc(O)cc1,-0.029976167,664
664,N[C@@H](CSO)C(=O)O,-0.030446682,665
665,C[C@@H](Oc1cc(-c2cnn(C3CCNCC3)c2)cnc1N)c1c(Cl)ccc(F)c1Cl,-0.030877706,666
666,Cc1ncc(CN)c(N)n1,-0.031415477,667
667,C#C[C@H]1CC[C@@H](CN)N1C(=O)[C@@H](N)C1CCCC1,-0.0314909,668
668,NC(=O)OCC(O)COc1ccc(Cl)cc1,-0.03216416,669
669,C[C@](O)(C(=O)O)[C@H](CC(=O)O)C(=O)O,-0.03251874,670
670,CN(C)CC/C=C1/c2ccccc2COc2ccccc21,-0.03358067,671
671,O=C1Cc2c([nH]c3ccc([N+](=O)[O-])cc23)-c2ccccc2N1,-0.033803556,672
672,CC(=O)CSCCS(=O)(=O)O,-0.034022298,673
673,Oc1ncnc2c1N=NC2,-0.034446858,674
674,O=[N+]([O-])c1ccc(O)c(OS(=O)(=O)O)c1,-0.03505045,675
675,c1ccc([C@@H]2CO2)cc1,-0.035160214,676
676,CO/C=C\[C@H](N)C(=O)O,-0.03522739,677
677,N[C@@H](CSP(=O)(O)O)C(=O)O,-0.035487,678
678,N#C[C@@H](O)c1ccccc1,-0.036073286,679
679,C[C@@H](Oc1ccc(Oc2ncc(C(F)(F)F)cc2Cl)cc1)C(=O)O,-0.036086865,680
680,O=C[C@@H](O)[C@H](O)[C@@H](O)CO,-0.036232565,681
681,O=C(N[C@@H](CO)C(=O)O)c1cccc(O)c1O,-0.03662326,682
682,N#C/N=C1\SCCN1Cc1ccc(Cl)nc1,-0.03732145,683
683,NC(=O)NC(O)C(=O)O,-0.037460394,684
684,Nc1nc2[nH]cc(CN[C@H]3C=C[C@H](O)[C@@H]3O)c2c(=O)[nH]1,-0.03763529,685
685,CN1CCCN=C1/C=C/c1cccs1,-0.038309596,686
686,CC(=O)C[C@H](c1ccccc1)c1c(O)c2ccccc2oc1=O,-0.038342442,687
687,NC(=O)[C@@H](N)CCC(=O)O,-0.038448445,688
688,O=C(NCc1cccnc1)c1cc(C(=O)NCc2cccnc2)ncn1,-0.038501263,689
689,C[C@H](O)[C@@H](O)[C@@H](O)[C@H](O)C=O,-0.039065227,690
690,N[C@@H](CSS)C(=O)O,-0.03951688,691
691,N#Cc1c(NC(=O)c2ccccc2F)sc2c1CCCC2,-0.040237837,692
692,C[C@]12CCc3c(ccc4cc(O)ccc34)[C@@H]1CCC2=O,-0.040322553,693
693,COc1ccc(-c2cc(=O)c3c(O)cc(O[C@@H]4O[C@H](CO[C@@H]5O[C@@H](C)[C@H](O)[C@@H](O)[C@H]5O)[C@@H](O)[C@H](O)[C@H]4O)cc3o2)cc1O,-0.040382817,694
694,CC(C)[C@@]1(C)N=C(c2nc3ccccc3cc2C(=O)O)NC1=O,-0.040473174,695
695,CN(C)CC/C=C1\c2ccccc2CSc2ccccc21,-0.040483788,696
696,CCCCCCCc1cc(O)c2ccccc2[n+]1[O-],-0.040674552,697
697,OCc1cccc(F)c1F,-0.041884013,698
698,CC[C@@]1(O)C(=O)OCc2c1cc1n(c2=O)Cc2cc3ccccc3nc2-1,-0.042053852,699
699,CC(=O)C[C@@H](c1ccccc1)c1c(O)c2ccccc2oc1=O,-0.04294109,700
700,NC(=O)N1C(=O)/C(=C(\O)c2cccs2)c2cc(Cl)ccc21,-0.04350154,701
701,O=S(=O)(O)c1ccc2cc(S(=O)(=O)O)ccc2c1,-0.0436444,702
702,COc1ccc2c(c[n+](C)c3c4cc5c(cc4ccc23)OCO5)c1OC,-0.043752905,703
703,CC(=O)OCC[C@H](N)C(=O)O,-0.044067964,704
704,O=CC[C@H](O)[C@H](O)CO,-0.045894604,705
705,O=C(O)c1c(C(=O)O)c(C(=O)O)c(C(=O)O)c(C(=O)O)c1C(=O)O,-0.046071634,706
706,NC(=O)[C@@H](O)[C@H](N)C(=O)O,-0.04682572,707
707,OC[C@H]1NC[C@H](O)[C@@H](O)[C@@H]1O,-0.047110274,708
708,CC(C)[C@@H](NC(N)=O)C(=O)O,-0.047111697,709
709,COc1ccc([C@@H]2CNC(=O)C2)cc1OC1CCCC1,-0.047316127,710
710,O=C(O)COc1cccc2ccccc12,-0.047823608,711
711,C[C@H](O)[C@H](O)[C@@H](O)[C@@H](O)C=O,-0.048038088,712
712,CC[N+](C)(CC)CCC[n+]1c(-c2ccccc2)c2cc(N)ccc2c2ccc(N)cc21,-0.048190173,713
713,CC(C)[C@H](CO)Nc1nc(Nc2cccc(Cl)c2)c2ncn(C(C)C)c2n1,-0.04820604,714
714,CC(C)C(C(=O)O)C(O)C(=O)O,-0.04825597,715
715,O=C1C[C@@H](c2ccccc2)Oc2cc(O)ccc21,-0.048604585,716
716,C[C@H](N)C(=O)c1nnc(C(C)(C)C)o1,-0.048621092,717
717,N[C@H](C(=O)O)[C@H](O)CO,-0.04893241,718
718,N[C@@H](CCCCNC(=O)O)C(=O)O,-0.049424827,719
719,O=C(O)CCCC(=O)Nc1ccc(/C=C/c2ccccc2)cc1,-0.04970674,720
720,CC1=C(Br)C(=O)C(C(C)C)=C(Br)C1=O,-0.0501547,721
721,O=C(O)C[C@H](NC(=O)Cc1c[nH]c2ccccc12)C(=O)O,-0.05158416,722
722,CN(C)CC/C=C1/c2ccccc2Sc2ccc(Cl)cc21,-0.051692016,723
723,NC(=O)CN(CC(=O)O)CC(=O)O,-0.0518226,724
724,O=C(CO)[C@H](O)[C@@H](O)COP(=O)(O)O,-0.05442357,725
725,Cc1cc(N)c2ccccc2[n+]1CCCCCCCCCC[n+]1c(C)cc(N)c2ccccc21,-0.055172987,726
726,C=C(C)[C@@H]1CCC(C)=C[C@H]1c1c(O)cc(CCCCC)cc1O,-0.055629853,727
727,CS(=N)(=O)CC[C@H](N)C(=O)O,-0.056590997,728
728,O=C1NC(=O)/C(=C/c2ccc3nccnc3c2)S1,-0.057130814,729
729,CC1(C)N[C@H](C(=O)O)CS1,-0.057630613,730
730,NCC1(c2ccccc2)CCCC1,-0.058300056,731
731,N[C@H](Cc1ccc(O)cc1)C(=O)O,-0.05849833,732
732,CN1CCCC1=O,-0.058698736,733
733,O=C1CSC(c2nc3ccc(O)cc3s2)=N1,-0.058726974,734
734,O=C(O)Cc1cc(=O)[nH]c(=O)[nH]1,-0.059119094,735
735,O[C@@H]1[C@@H](O)[C@@H](O)OC[C@H]1O,-0.05933979,736
736,C[C@]12OO[C@](CCC(=O)O)(c3ccccc31)c1ccccc12,-0.060021244,737
737,O=C1Nc2ccccc2/C1=C1/Nc2ccccc2/C1=N\O,-0.060276203,738
738,OC1OC[C@H](O)[C@H](O)[C@H]1O,-0.060611673,739
739,Nc1ccccc1F,-0.061218373,740
740,Nc1ncnc2c([C@@H]3O[C@H](CO)[C@@H](O)[C@H]3O)n[nH]c12,-0.06199553,741
741,O=CC(O)COP(=O)(O)O,-0.062429525,742
742,NC(=O)c1ncn([C@@H]2O[C@H](COP(=O)(O)O)[C@@H](O)[C@H]2O)n1,-0.06251306,743
743,Nc1nc(O)c2c(n1)NCC(COP(=O)(O)OP(=O)(O)O)=N2,-0.06289072,744
744,O=C(O)C[C@H](C(=O)O)[C@H](O)C(=O)O,-0.0634267,745
745,CCCCCc1ccc(C)cc1O,-0.06358131,746
746,O=S(=O)(O)c1ccc([Hg])cc1,-0.06384602,747
747,O=C(CO)[C@@H](O)[C@@H](O)CO,-0.064160585,748
748,O=C(O)c1[nH]c(C(=O)O)c(-c2c[nH]c3ccccc23)c1-c1c[nH]c2ccccc12,-0.06633183,749
749,O=c1nc[nH]c2c([C@@H]3O[C@H](CO)[C@@H](O)[C@H]3O)n[nH]c12,-0.06641389,750
750,CC(=O)N[C@H](CC(C)C)C(=O)O,-0.06711838,751
751,C[C@@](N)(C(=O)O)c1ccc(C(=O)O)cc1,-0.06772348,752
752,C[C@H]1O[C@H](O)[C@H](O)[C@@H](O)[C@@H]1O,-0.06877496,753
753,N=C(N)NO,-0.06909587,754
754,O=C(O)c1nc2ccccc2[nH]1,-0.06916025,755
755,C[C@H](CN)C(=O)[O-],-0.06994665,756
756,CCCCCCCCCCCCCCCC[n+]1ccccc1,-0.07041703,757
757,C[C@H]1CCc2c(N3CCC(O)CC3)c(F)cc3c(=O)c(C(=O)O)cn1c23,-0.071457505,758
758,O=S(=O)([O-])c1ccc2c(S(=O)(=O)[O-])cc(S(=O)(=O)[O-])cc2c1,-0.071579516,759
759,C[C@H](N)[C@@H](O)c1ccccc1,-0.07216589,760
760,Cc1ccc(C(=O)N(c2cc(-c3ccccc3)sc2C(=O)O)C(C)C)cc1,-0.0726921,761
761,COc1ccc2c(c1)[C@]13CCCC[C@@H]1[C@H](C2)N(C)CC3,-0.072835386,762
762,Cn1c2ccccc2c2c3c(c4c5ccccc5n(CCC#N)c4c21)CNC3=O,-0.07331163,763
763,C[S+](C)CC[C@H](N)C(=O)O,-0.07332574,764
764,N[C@H](C(=O)O)c1cc(O)cc(O)c1,-0.073340446,765
765,CCN(Cc1ccc(Cl)nc1)/C(=C/[N+](=O)[O-])NC,-0.07443309,766
766,NC(=O)[C@@H](N)Cc1ccc(O)cc1,-0.07622117,767
767,CC1CCc2c(N3CCC(O)CC3)c(F)cc3c(=O)c(C(=O)O)cn1c23,-0.07709803,768
768,Nc1ccn([C@@H]2O[C@H](CO)[C@@H](O)[C@H]2OP(=O)(O)O)c(=O)n1,-0.077358484,769
769,N[C@H](C(=O)O)[C@@H](O)C(=O)O,-0.07737844,770
770,C=C[C@@H](O)CCCCC,-0.077469066,771
771,O[C@H]1[C@H]2[C@H](O)CCCN2C[C@H]1O,-0.07783299,772
772,OC[C@@H](O)CS,-0.07817108,773
773,CN1[C@@H]2CC[C@H]1C[C@@H](OC1c3ccccc3CCc3ccccc31)C2,-0.0787113,774
774,N[C@H](C(=O)O)[C@H](O)C(=O)O,-0.0789459,775
775,Nc1[nH]c(=O)[nH]c(=O)c1N,-0.080487,776
776,O=c1cc(O)c2ccccc2o1,-0.08108501,777
777,CC(C)Cc1ccc([C@H](C)C(=O)O)cc1,-0.081258655,778
778,CCCCP(=O)(O)O,-0.081308745,779
779,O=c1c(O[C@@H]2O[C@H]([C@H](O)CO)[C@H](O)[C@H]2O)c(-c2ccc(O)c(O)c2)oc2cc(O)cc(O)c12,-0.08224564,780
780,O=C(O)C[C@@H](Cc1ccccc1)C(=O)O,-0.08239564,781
781,CCCCCCCCCCCCOS(=O)(=O)O,-0.08244605,782
782,C[C@@H](C(=O)O)c1ccc(-c2ccccc2)c(F)c1,-0.08327283,783
783,C[C@H](C(=O)O)c1ccc(-c2ccccc2)c(F)c1,-0.08372126,784
784,O=C(O)[C@@H](S)[C@@H](S)C(=O)O,-0.08408405,785
785,O=C(O)[C@@H](O)CS(=O)(=O)O,-0.084940836,786
786,O=C(O)C(=O)Nc1ccccc1C(=O)O,-0.085290186,787
787,OCC(CO)(CO)NCCCNC(CO)(CO)CO,-0.08547829,788
788,Cc1cncc2cccc(S(=O)(=O)N3CCCNC[C@@H]3C)c12,-0.08638043,789
789,O[C@H]1[C@H](O)[C@@H](O)CN2CC[C@H](O)[C@H]12,-0.08719042,790
790,CN(C)c1ccc(C(=C2C=CC(=[N+](C)C)C=C2)c2ccccc2)cc1,-0.088935114,791
791,NC(=O)c1ccccc1Nc1ccnc(Nc2cccc(O)c2)n1,-0.08916647,792
792,N[C@@H](Cc1cc(Br)c(O)c(Br)c1)C(=O)O,-0.0907677,793
793,C[N+](C)(C)CCCC[C@H](N)C(=O)O,-0.09192572,794
794,CN(C)CCCC[C@H](N)C(=O)O,-0.092251696,795
795,CNc1ncnc2c([C@@H]3O[C@H](CO)[C@@H](O)[C@H]3O)n[nH]c12,-0.09238431,796
796,O=C(COP(=O)(O)O)NO,-0.093967415,797
797,N[C@@H](COS(=O)(=O)O)C(=O)O,-0.09414384,798
798,CCOCCOCCOCCOCCOCC,-0.09431452,799
799,O[C@H](CS)[C@H](O)CS,-0.09548096,800
800,O=C(O)[C@H](O)[C@@H](O)COP(=O)(O)O,-0.09590519,801
801,O=c1[nH]cnc2c([C@@H]3N[C@H](CO)[C@@H](O)[C@H]3O)c[nH]c12,-0.09603448,802
802,O[C@H](CS)[C@@H](O)CS,-0.0961084,803
803,O=C(O)[C@H](O)[C@H](O)COP(=O)(O)O,-0.09738346,804
804,CSC(=O)[C@H](O)COP(=O)(O)O,-0.09782857,805
805,N[C@@H](Cn1cc(F)c(=O)[nH]c1=O)C(=O)O,-0.099431664,806
806,C[C@@H](O)[C@@H](N)C(=O)O,-0.09976751,807
807,CC1(C)COC(=O)C1=O,-0.099879004,808
808,O=P(O)(O)OCCCc1c[nH]c2ccccc12,-0.10068032,809
809,[O-][n+]1ccccc1S,-0.10074785,810
810,Cn1nc(C(C)(C)C)cc1NC(=O)Nc1ccc(Cl)cc1,-0.101458,811
811,O=C(O)C[C@@H]1CC[C@@H](C(=O)O)N1,-0.10191493,812
812,Cc1cn([C@@H]2O[C@H](COP(=O)(O)O)[C@@H](O)[C@H]2O)c(=O)[nH]c1=O,-0.101941064,813
813,C[C@H](O)[C@@H](N)C(=O)O,-0.10223305,814
814,C#CCN(C)[C@H](C)Cc1ccccc1,-0.102762885,815
815,Nc1ncnc2c1ncn2[C@@H]1O[C@H](CO)[C@@H](O)[C@H]1OP(=O)(O)O,-0.10371423,816
816,COC(=O)[C@@H]1[C@H]2CC[C@@H](C[C@@H]1O)N2C,-0.10436999,817
817,Oc1cccc(Cl)c1,-0.10486746,818
818,CC(C)(CO)[C@@H](O)C(=O)[O-],-0.10543153,819
819,CCNc1nc(Cl)nc(N[C@](C)(C#N)CC)n1,-0.10603063,820
820,CCNc1nc(Cl)nc(N[C@@](C)(C#N)CC)n1,-0.10686838,821
821,N[C@@H](C(=O)O)c1ccc(O)cc1,-0.10769336,822
822,O=C(O)Cc1ccc2c(c1O)C(=O)c1c(O)cccc1C2=O,-0.10794682,823
823,O=c1ccn([C@H]2C[C@H](OP(=O)(O)O)[C@@H](CO)O2)c(=O)[nH]1,-0.10808125,824
824,CC(C)(S)[C@@H](N)C(=O)O,-0.108307295,825
825,CC1=C2C(=O)c3c(O)cccc3C=C2C[C@@H](CC(=O)O)O1,-0.10887981,826
826,C[C@H](O)CC(C)(C)O,-0.10892289,827
827,O=S1(=O)OC(c2ccc(O)cc2)(c2ccc(O)cc2)c2ccccc21,-0.109101765,828
828,O=C(Nc1ccccc1)[C@H]1CC(=O)N(C2CCCCC2)C1,-0.10910546,829
829,N[C@H](C(=O)O)c1ccc(O)cc1,-0.10993613,830
830,CCO[PH](=O)OCC,-0.11048527,831
831,O=C(CP(=O)(O)O)NO,-0.1107431,832
832,C#CCO,-0.11111903,833
833,O=P(O)(O)OC[C@H]1O[C@@H](n2cnc3cncnc32)[C@H](O)[C@@H]1O,-0.11157848,834
834,CC(=O)O[Hg]c1ccccc1,-0.111732684,835
835,CSCC[C@@H](N)C(=O)O,-0.112287074,836
836,CC[n+]1c(-c2ccccc2)c2cc(N)ccc2c2ccc(N)cc21,-0.11366283,837
837,N[C@@H](C[SH]=O)C(=O)O,-0.114054024,838
838,O=C(O)[C@@H](O)c1ccc(O)cc1,-0.114319086,839
839,O=C(Sc1nnc(C(F)(F)F)[nH]1)c1ccc(C#Cc2ccccc2)o1,-0.11499727,840
840,C[C@@H]1C[C@H](N)N[C@H]1C(=O)O,-0.115416735,841
841,CCOC(=O)c1cnc(N)nc1O,-0.11603824,842
842,Cc1ccc2[nH]cnc2c1,-0.11606556,843
843,O=C(NCc1ccccn1)c1ccc(Oc2ccccc2)cc1,-0.11607627,844
844,Cc1c2ccccc2c(CCC(=O)O)c2ccccc12,-0.11653264,845
845,Nc1nc2c([C@@H]3N[C@H](CO)[C@@H](O)[C@H]3O)c[nH]c2c(=O)[nH]1,-0.11674735,846
846,O=c1cnn([C@@H]2O[C@H](COP(=O)(O)O)[C@@H](O)[C@H]2O)c(=O)[nH]1,-0.11678967,847
847,CC(O)(C(=O)O)c1ccccc1,-0.117978916,848
848,CC(=O)N1CCC[C@@H]1C(=O)O,-0.118004054,849
849,O=C1C[C@@H](c2ccc(O)cc2)Oc2ccccc21,-0.11865927,850
850,Cc1ncnc2[nH]cnc12,-0.119951464,851
851,CC(=O)[C@@H](O)COP(=O)(O)O,-0.12075633,852
852,CCCCNS(=O)(=O)c1ccccc1,-0.121800415,853
853,CCC(C)(C)c1ccc(CC(C)CN2C[C@@H](C)O[C@@H](C)C2)cc1,-0.124145046,854
854,CCCCCCCCCCCCCCCC[N+](C)(C)C,-0.12539424,855
855,Nc1ncnc2c1ncn2CCOCP(=O)(O)O,-0.12744851,856
856,N[C@@H](CCSC(F)(F)F)C(=O)O,-0.12762305,857
857,CN1[C@H]2CC[C@@H]1[C@@H](C(=O)O)[C@@H](O)C2,-0.12839913,858
858,CSCC[C@H](NC(=O)O)C(=O)O,-0.12841083,859
859,C[C@@](O)(C(=O)O)c1ccccc1,-0.1298597,860
860,O=[Zn],-0.1300582,861
861,O=C(O)C(Cl)Cl,-0.1304914,862
862,COC(=O)[C@@H](N)Cc1ccccc1,-0.1306254,863
863,OB(O)c1ccccc1,-0.13097641,864
864,N[C@@H](C=O)C(=O)O,-0.13148001,865
865,Nc1ccncc1,-0.13155767,866
866,NC(=O)CC(=O)O,-0.13165276,867
867,CCCC[C@@H](O)[C@H](O)CO,-0.13361368,868
868,O=C(O)c1ccc([Hg])cc1,-0.13375266,869
869,O=c1ncccn1[C@@H]1O[C@H](CO)[C@@H](O)[C@H]1O,-0.13578029,870
870,O=[V]1([O-])O[V](=O)([O-])O[V](=O)([O-])O[V](=O)([O-])O1,-0.13605818,871
871,CCCCCCC(O)CO,-0.13754499,872
872,CC(C)OP(=O)(O)O,-0.1395333,873
873,C[C@H](C(=O)O)[C@H](N)C(=O)O,-0.14066002,874
874,CC(=O)O[C@H](CC(=O)O)C[N+](C)(C)C,-0.14077424,875
875,O=C(O)[C@@H](O)[C@@H](O)C(=O)O,-0.14106502,876
876,NCCNS(=O)(=O)c1ccc(Cl)c2ccncc12,-0.14119738,877
877,C[N+](C)(C)c1cccc(C(O)(O)C(F)(F)F)c1,-0.14120103,878
878,OC[C@H](O)[C@@H](O)CO,-0.14141823,879
879,CN1[C@@H]2CC[C@H]1C[C@@H](OC(=O)C(CO)c1ccccc1)C2,-0.14269036,880
880,CC(C)(O)[C@@H](O)C(=O)[O-],-0.14454484,881
881,O=C(O)C(=O)CP(=O)(O)O,-0.14674717,882
882,CCCCOc1ccc(OCCCN2CCOCC2)cc1,-0.14706038,883
883,CC(=O)CCO,-0.14808333,884
884,Oc1ccc(-c2cnc3ccc4ccncc4c3c2)cc1,-0.1489755,885
885,c1ccc(-c2oc3ncnc(NCCN4CCNCC4)c3c2-c2ccccc2)cc1,-0.15003893,886
886,[C-]#[N+]C,-0.15025559,887
887,N[C@H](CCl)C(=O)O,-0.15062854,888
888,CN1c2ccccc2C(C#N)(C(=O)NCCC(=O)O)c2ccccc21,-0.15319625,889
889,CCC(=O)C(O)CC,-0.15360337,890
890,C=C(Br)CO,-0.15480524,891
891,Nc1cncn1C1O[C@H](COP(=O)(O)O)[C@@H](O)[C@H]1O,-0.15527,892
892,OCC(F)(F)F,-0.15563527,893
893,CC[C@@](C)(O)[C@@H](O)C(=O)[O-],-0.1556693,894
894,O=C([O-])CCCCC(=O)[O-],-0.1556947,895
895,N[13C](N)=O,-0.15706608,896
896,O=C(OCCO)c1ccccc1O,-0.15723422,897
897,CCC(N)=O,-0.15816183,898
898,O=P[O-],-0.1594587,899
899,CN1[C@@H]2CCC[C@H]1C[C@@H](NC(=O)c1nn(C)c3ccccc13)C2,-0.15956292,900
900,N[C@H](Cc1ccccc1)C(=O)O,-0.16157275,901
901,CC(C)[C@@H](N)C(=O)O,-0.16321929,902
902,CN1[C@H]2CC[C@@H]1[C@@H](C(=O)O)[C@@H](OC(=O)c1ccccc1)C2,-0.16538388,903
903,Oc1c(Cl)cc(-c2cc(Cl)c(O)c(Cl)c2)cc1Cl,-0.16544859,904
904,CC(=O)[C@H](C)O,-0.16551048,905
905,CCN=O,-0.16663067,906
906,CC[C@@H](C(N)=O)N1CCCC1=O,-0.1673918,907
907,C(=C/c1ccccc1)\CN1CCN(C(c2ccccc2)c2ccccc2)CC1,-0.1674532,908
908,C[C@@H]1C=CN[C@H]1C(=O)O,-0.16858128,909
909,O=C1N[C@H]2NC(=O)N[C@H]2N1,-0.16920072,910
910,O=C(O)C(O)c1ccccc1,-0.17102073,911
911,N[C@H](Cc1ccc(I)cc1)C(=O)O,-0.1719071,912
912,N[C@@H](Cc1ccc(I)cc1)C(=O)O,-0.17297593,913
913,CN1C(=O)CCC1(C)C,-0.17379811,914
914,Nc1ncnc2c1ncn2[C@@H]1O[C@H](CF)[C@@H](O)[C@H]1O,-0.17472276,915
915,OCCCO,-0.17609769,916
916,C[C@H](O)CCO,-0.17683697,917
917,F,-0.17799532,918
918,NC(=O)[C@@H](N)Cc1ccccc1,-0.17934507,919
919,C[N+](C)(C)C[C@H](O)CC(=O)O,-0.18040347,920
920,CC(C)CCCCCO,-0.18111026,921
921,O=[Mo](=O)S,-0.18304089,922
922,CCCC(=O)SCC[N+](C)(C)C,-0.18346834,923
923,O=[N+]([O-])O,-0.18352361,924
924,O[SiH3],-0.18565728,925
925,NC(=O)C(=O)O,-0.18693718,926
926,F[B-](F)(F)F,-0.18701655,927
927,C=C[C@H](N)C(=O)O,-0.18794048,928
928,[InH3],-0.18822367,929
929,CN1[C@@H]2CC[C@H]1CC(=O)C2,-0.18953577,930
930,Nc1ncnc2c1c(-c1cnc3[nH]ccc3c1)nn2C1CCCC1,-0.19067124,931
931,O=C(O)C(=O)Nc1ccc(I)cc1C(=O)O,-0.1928497,932
932,Nc1ncnc2c1ccn2[C@@H]1O[C@H](CO)[C@@H](O)[C@H]1O,-0.19502968,933
933,Nc1ncnc2c1[C@@H](I)NN2[C@@H]1O[C@H](CO)[C@@H](O)[C@H]1O,-0.19541743,934
934,C/C=C(\N)C(=O)O,-0.19646028,935
935,C[N+](C)(C)C[C@@H](O)CC(=O)[O-],-0.19831212,936
936,CCC[C@H](N)C(=O)O,-0.19861063,937
937,O=[Ti]=O,-0.20088492,938
938,Nc1ncnc2c1ncn2[C@@H]1O[C@H](CO)[C@H](O)[C@H]1O,-0.20090331,939
939,OCCCCCCO,-0.20208105,940
940,[S-]SSS[S-],-0.20430402,941
941,CC[C@@H](C)[C@@H](N)C(=O)O,-0.20479062,942
942,CN1[C@@H]2CC[C@H]1C[C@@H](OC(=O)c1c[nH]c3ccccc13)C2,-0.20501834,943
943,CSCC(=O)[O-],-0.20638773,944
944,CCCC[C@@H](N)C(=O)O,-0.20772946,945
945,Nc1nc(F)nc2c1ncn2[C@@H]1O[C@H](CO)[C@@H](O)[C@H]1O,-0.20983455,946
946,CC[C@@H](C)C(=O)O,-0.21109107,947
947,Nc1cncn1[C@@H]1O[C@H](CO)[C@@H](O)[C@H]1O,-0.21218768,948
948,O=C(Nc1ccc(I)cc1)NC1CCCCC1,-0.21241777,949
949,CSc1ncnc2c1ncn2[C@@H]1O[C@H](CO)[C@@H](O)[C@H]1O,-0.21282238,950
950,C[C@@H](C(=O)O)N(C)C,-0.21295862,951
951,O=[O+][O-],-0.21306741,952
952,CCOCCOCCOCC,-0.21355183,953
953,CN1[C@@H]2CC[C@H]1C[C@H](O)C2,-0.21520066,954
954,CCC(O)CO,-0.21619475,955
955,CC[C@@H](C)O,-0.21834853,956
956,O=C([O-])C[C@H](O)C(=O)[O-],-0.21932027,957
957,CCCCCCCCCCCC[N+](C)(C)[O-],-0.21949005,958
958,CCCCCCCCCCCC[N+](C)(C)C,-0.22004642,959
959,O=[Fe]O[Fe]=O,-0.22035894,960
960,[Cu]12[Cu]3[Cu]4[Cu]1S234,-0.22572024,961
961,NC[C@@H]1CCCN1,-0.22808903,962
962,CC[Si](C)(C)C,-0.23148698,963
963,O=C1C[C@@H]2OCC=C3CN4CC[C@]56c7ccccc7N1[C@H]5[C@H]2[C@H]3C[C@H]46,-0.23257132,964
964,OC[C@H]1O[C@@H](n2cnc3cncnc32)[C@H](O)[C@@H]1O,-0.2355745,965
965,CC(=O)O[Hg+],-0.24195002,966
966,CC1(C)[C@H]2CC[C@]1(C)CC2,-0.24458095,967
967,COCCOCCOCCOC,-0.2475898,968
968,Cl[Cu]Cl,-0.24965191,969
969,Nc1nc2c(ncn2[C@@H]2O[C@H](CO)C[C@H]2O)c(=O)[nH]1,-0.25014335,970
970,Cl[Al](Cl)Cl,-0.25166148,971
971,CCN1C(=O)CCC1=O,-0.252858,972
972,Cl[201TlH2],-0.25305358,973
973,Nc1ncnc2c1ncn2[C@@H]1O[C@H](CO)C[C@H]1O,-0.25514874,974
974,O=c1[nH]c(=O)n([C@H]2C[C@H](O)[C@@H](CO)O2)cc1Br,-0.25769216,975
975,F[Al-](F)(F)F,-0.26434487,976
976,Nc1ncnc2c1c(I)cn2[C@@H]1O[C@H](CO)[C@@H](O)[C@H]1O,-0.26843825,977
977,Cl[Fe]Cl,-0.27033752,978
978,Nc1nc(F)nc2c1ncn2[C@H]1C[C@H](O)[C@@H](CO)O1,-0.27068013,979
979,CCCCCCCCCC[N+](C)(C)[O-],-0.2786579,980
980,Cl[Hg]Cl,-0.28810456,981
981,O=C([C@@H]1CCCN1)N1CCC[C@H]1B(O)O,-0.28887746,982
982,O[Sb](O)O,-0.29106158,983
983,CC[N+](CC)(CC)CC,-0.3005601,984
984,C1CCN(C2CCNCC2)CC1,-0.30874026,985
985,Ic1cn[nH]c1,-0.31473082,986
986,CCCC[N+](CCCC)(CCCC)CCCC,-0.31661254,987
987,[NH3+][Co-3]([NH3+])([NH3+])([NH3+])([NH3+])[NH3+],-0.32222626,988
988,S=[Mo](=S)([S-])[S-],-0.3235228,989
989,O=C([O-])C(O)C(=O)[O-],-0.3272317,990
990,FS(F)(F)(F)(F)F,-0.3393088,991
991,I[Hg]I,-0.33957016,992
992,O=C([O-])/C=C(/CC(=O)[O-])C(=O)[O-],-0.3399549,993
993,O=[Mo](=O)([O-])[O-],-0.34552968,994
994,[KH],-0.34891856,995
995,O=P([O-])([O-])F,-0.35468954,996
996,O=C([O-])CC(=O)[O-],-0.37410623,997
997,O=[Cr](=O)([O-])O[Cr](=O)(=O)[O-],-0.3913774,998
998,O=[Mo](=O)=O,-0.40645313,999
999,C[N+](C)(C)C,-0.43765014,1000
